IIIIIIIIIIIIII,-46.422507827770964
ZIIIIIIIIIIIII,12.413477638050495
XYYIIIIIIIIIII,0.12505816302777997
YYXIIIIIIIIIII,-0.12505816302777997
XXIYIZYIIIIIII,0.04274762566389346
YXIYIZXIIIIIII,-0.04274762566389346
XXIXIIIYIZYXII,0.07264280352575286
YXIXIIIYIZXXII,-0.07264280352575286
ZZIIIIIIIIIIII,12.413477638050495
ZXIZIIIIIIIIII,-0.12505816302777992
IXZIIIIIIIIIII,0.12505816302777992
ZXIXIIIZIIIIII,-0.042747625663893445
IYIYIZZIIIIIII,-0.042747625663893445
ZXIXIIIYIIIYII,0.0726428035257528
IYIXIIIYIZZXII,-0.0726428035257528
IIZIIIIIIIIIII,1.656482192420698
IZXYIZYIIIIIII,-0.11922049973627002
IZYYIZXIIIIIII,0.11922049973627002
IZXXIIIYIZYXII,-0.2841449503853117
IZYXIIIYIZXXII,0.2841449503853117
IZZZIIIIIIIIII,1.656482192420698
IZZXIIIZIIIIII,0.11922049973627001
IIIXIZZIIIIIII,-0.11922049973627001
IZZXIIIYIIIYII,-0.28414495038531157
IIIYIIIYIZZXII,0.28414495038531157
IIIIZIIIIIIIII,1.2101432042064129
IIIZXXIYIIIZYX,-0.36907417108590485
IIIZYXIYIIIZXX,0.36907417108590485
IIIIZZIIIIIIII,1.2101432042064129
IIIZZXIYIIIZIY,-0.36907417108590485
IIIZIYIYIIIZZX,0.36907417108590485
IIIIIIZIIIIIII,1.3155981399465768
IIIZIZXYIZYXII,0.22364768377871652
IIIZIZYYIZXXII,-0.22364768377871652
IIIZIZZZIIIIII,1.3155981399465764
IIIZIZZYIIIYII,0.22364768377871647
IIIIIIIXIZZXII,0.22364768377871647
IIIIIIIIZIIIII,1.370870329282406
IIIIIIIIZZIIII,1.3708703292824065
IIIIIIIIIIZIII,0.7790996743616695
IIIIIIIIIZZZII,0.7790996743616696
IIIIIIIIIIIIZI,0.8062651251118161
IIIIIIIIIIIIZZ,0.8062651251118164
IZIIIIIIIIIIII,1.1861263280387486
YXYIIIIIIIIIII,0.10416419977309438
XXXIIIIIIIIIII,0.10416419977309438
YYIYIZYIIIIIII,-0.04589917289468812
XYIYIZXIIIIIII,-0.04589917289468812
YYIXIIIYIZYXII,-0.05949106149683769
XYIXIIIYIZXXII,-0.05949106149683769
IXIZIIIIIIIIII,-0.10416419977309438
ZXZIIIIIIIIIII,0.10416419977309438
YZYZIIIIIIIIII,0.014544211205585536
XZXIIIIIIIIIII,0.014544211205585536
XZXZIIIIIIIIII,0.014544211205585536
YZYIIIIIIIIIII,0.014544211205585536
YIIXIZYIIIIIII,-0.005624476779736389
XIZYIZYIIIIIII,0.005624476779736389
XIIXIZXIIIIIII,-0.005624476779736389
YIZYIZXIIIIIII,-0.005624476779736389
YIIYIIIYIZYXII,0.008948792526407009
XIZXIIIYIZYXII,0.008948792526407009
XIIYIIIYIZXXII,0.008948792526407009
YIZXIIIYIZXXII,-0.008948792526407009
YIIIYZIIIIIIII,0.0027485960975255734
XZIIXIIIIIIIII,0.0027485960975255734
XIIIXZIIIIIIII,0.0027485960975255734
YZIIYIIIIIIIII,0.0027485960975255734
YIIZIYIYIIIZYX,0.003828671758856343
XZIZZXIYIIIZYX,0.003828671758856343
XIIZIYIYIIIZXX,0.003828671758856343
YZIZZXIYIIIZXX,-0.003828671758856343
IXIXIIIZIIIIII,-0.04589917289468812
ZYIYIZZIIIIIII,-0.04589917289468812
YZYXIIIZIIIIII,0.005624476779736389
XIYYIZZIIIIIII,-0.005624476779736389
XZXXIIIZIIIIII,0.005624476779736389
YIXYIZZIIIIIII,0.005624476779736389
YIIZIZYZIIIIII,0.006943212329899647
XZIIIIXIIIIIII,0.006943212329899647
XIIZIZXZIIIIII,0.006943212329899647
YZIIIIYIIIIIII,0.006943212329899647
YIIIIIIXIZYXII,-0.00014051671304982658
XZIZIZZYIZYXII,0.00014051671304982658
XIIIIIIXIZXXII,-0.00014051671304982658
YZIZIZZYIZXXII,-0.00014051671304982658
YIIIIIIIYZIIII,0.006511136018254945
XZIIIIIIXIIIII,0.006511136018254945
XIIIIIIIXZIIII,0.006511136018254945
YZIIIIIIYIIIII,0.006511136018254945
IXIXIIIYIIIYII,0.05949106149683769
ZYIXIIIYIZZXII,-0.05949106149683769
YZYXIIIYIIIYII,-0.008948792526407009
XIYXIIIYIZZXII,-0.008948792526407009
XZXXIIIYIIIYII,-0.008948792526407009
YIXXIIIYIZZXII,0.008948792526407009
YIIZIZYYIIIYII,-0.00014051671304982658
XZIZIZYYIZZXII,-0.00014051671304982658
XIIZIZXYIIIYII,-0.00014051671304982658
YZIZIZXYIZZXII,0.00014051671304982658
YIIIIIIIIZYZII,0.007827329096274835
XZIIIIIIIIXIII,0.007827329096274835
XIIIIIIIIZXZII,0.007827329096274835
YZIIIIIIIIYIII,0.007827329096274835
YIIZYXIYIIIZIY,-0.003828671758856343
XZIZYXIYIIIZZX,-0.003828671758856343
XIIZXXIYIIIZIY,-0.003828671758856343
YZIZXXIYIIIZZX,0.003828671758856343
YIIIIIIIIIIIYZ,0.005347567632866027
XZIIIIIIIIIIXI,0.005347567632866027
XIIIIIIIIIIIXZ,0.005347567632866027
YZIIIIIIIIIIYI,0.005347567632866027
ZIZIIIIIIIIIII,0.23659950641263702
ZZXYIZYIIIIIII,-0.026491109134783673
ZZYYIZXIIIIIII,0.026491109134783673
ZZXXIIIYIZYXII,-0.06812556730200842
ZZYXIIIYIZXXII,0.06812556730200842
XXZYIZYIIIIIII,0.0017098505740408125
YXZYIZXIIIIIII,-0.0017098505740408125
XXZXIIIYIZYXII,-0.0014659589466415408
YXZXIIIYIZXXII,0.0014659589466415408
XYXZYXIYIIIZYX,0.0023061533817422862
XYYZXXIYIIIZYX,-0.007651561061888236
XYYZYXIYIIIZXX,0.005345407680145948
YYXZXXIYIIIZYX,0.005345407680145948
YYXZYXIYIIIZXX,-0.007651561061888236
YYYZXXIYIIIZXX,0.0023061533817422862
XYXZIZYYIZYXII,-0.0004233068157719152
XYYZIZXYIZYXII,0.005644941885716928
XYYZIZYYIZXXII,-0.005221635069945013
YYXZIZXYIZYXII,-0.005221635069945013
YYXZIZYYIZXXII,0.005644941885716928
YYYZIZXYIZXXII,-0.0004233068157719152
ZZZZIIIIIIIIII,0.2511437176182225
XXXZIIIIIIIIII,-0.0032432225052341688
YXYZIIIIIIIIII,-0.0032432225052341688
XYZXIZYIIIIIII,0.004012941665692191
YYZXIZXIIIIIII,-0.004012941665692191
XYZYIIIYIZYXII,-0.00019560880948874643
YYZYIIIYIZXXII,0.00019560880948874643
XYZIYZIIIIIIII,0.004441248384858458
XXIZXIIIIIIIII,0.004441248384858458
YYZIXZIIIIIIII,-0.004441248384858458
YXIZYIIIIIIIII,0.004441248384858458
XYZZIYIYIIIZYX,0.00577571578054735
XXIIZXIYIIIZYX,0.00577571578054735
YYZZIYIYIIIZXX,-0.00577571578054735
YXIIZXIYIIIZXX,-0.00577571578054735
ZZZXIIIZIIIIII,0.032115585914520066
ZIIXIZZIIIIIII,-0.032115585914520066
XXXXIIIZIIIIII,-0.0023030910916513794
XYYXIZZIIIIIII,-0.0023030910916513794
YXYXIIIZIIIIII,-0.0023030910916513794
YYXXIZZIIIIIII,0.0023030910916513794
XYZZIZYZIIIIII,0.004730241664965352
XXIZIIXIIIIIII,0.004730241664965352
YYZZIZXZIIIIII,-0.004730241664965352
YXIZIIYIIIIIII,0.004730241664965352
XYZIIIIXIZYXII,0.005086201813249762
XXIIIZZYIZYXII,-0.005086201813249762
YYZIIIIXIZXXII,-0.005086201813249762
YXIIIZZYIZXXII,0.005086201813249762
XYZIIIIIYZIIII,0.008115500450519564
XXIZIIIIXIIIII,0.008115500450519564
YYZIIIIIXZIIII,-0.008115500450519564
YXIZIIIIYIIIII,0.008115500450519564
ZZZXIIIYIIIYII,-0.07707435982841543
ZIIYIIIYIZZXII,0.07707435982841543
XXXXIIIYIIIYII,0.0016615677561302874
XYYYIIIYIZZXII,0.0016615677561302874
YXYXIIIYIIIYII,0.0016615677561302874
YYXYIIIYIZZXII,-0.0016615677561302874
XYZZIZYYIIIYII,0.004662894997477847
XXIIIZYYIZZXII,0.004662894997477847
YYZZIZXYIIIYII,-0.004662894997477847
YXIIIZXYIZZXII,-0.004662894997477847
XYZIIIIIIZYZII,0.0017028152287356059
XXIZIIIIIIXIII,0.0017028152287356059
YYZIIIIIIZXZII,-0.0017028152287356059
YXIZIIIIIIYIII,0.0017028152287356059
XYZZYXIYIIIZIY,-0.003469562398805062
XXIIYXIYIIIZZX,-0.003469562398805062
YYZZXXIYIIIZIY,0.003469562398805062
YXIIXXIYIIIZZX,0.003469562398805062
XYZIIIIIIIIIYZ,0.004576888132500725
XXIZIIIIIIIIXI,0.004576888132500725
YYZIIIIIIIIIXZ,-0.004576888132500725
YXIZIIIIIIIIYI,0.004576888132500725
ZIIIZIIIIIIIII,0.19723400818572887
ZIIZXXIYIIIZYX,-0.08677420850721572
ZIIZYXIYIIIZXX,0.08677420850721572
XYYIZIIIIIIIII,0.005542819218766398
YYXIZIIIIIIIII,-0.005542819218766398
XXIYZZYIIIIIII,0.0024771293239270646
YXIYZZXIIIIIII,-0.0024771293239270646
XXIXZIIYIZYXII,0.0007372435941439733
YXIXZIIYIZXXII,-0.0007372435941439733
XXIXXYYYIIIZYX,0.0010338426365900154
XXIXYYXYIIIZYX,0.0011687768970111182
XXIXYYYYIIIZXX,-0.0022026195336011336
YXIXXYXYIIIZYX,-0.0022026195336011336
YXIXXYYYIIIZXX,0.0011687768970111182
YXIXYYXYIIIZXX,0.0010338426365900154
XXIYXXIIIZYYYX,0.0027123934857187903
XXIYYXIIIZXYYX,0.0013362505278172654
XXIYYXIIIZYYXX,-0.004048644013536055
YXIYXXIIIZXYYX,-0.004048644013536055
YXIYXXIIIZYYXX,0.0013362505278172654
YXIYYXIIIZXYXX,0.0027123934857187903
ZIIIZZIIIIIIII,0.19998260428325443
XYYIZZIIIIIIII,0.001101570833907941
YYXIZZIIIIIIII,-0.001101570833907941
XXIYZIYIIIIIII,0.001617274229470168
YXIYZIXIIIIIII,-0.001617274229470168
XXIXZZIYIZYXII,-5.012126152682914e-05
YXIXZZIYIZXXII,5.012126152682914e-05
XXIXXIIZIIIIII,0.0008598550944568965
XXIYYIZIIIIIII,0.0008598550944568965
YXIXYIIZIIIIII,0.0008598550944568965
YXIYXIZIIIIIII,-0.0008598550944568965
XXIYZXIXIIIZYX,-0.0012397730342854757
XXIXIXZYIIIZYX,0.0012397730342854757
YXIYZXIXIIIZXX,0.0012397730342854757
YXIXIXZYIIIZXX,-0.0012397730342854757
XXIXXIIYIIIYII,-0.0007873648556708026
XXIXYZIYIZZXII,0.0007873648556708026
YXIXYIIYIIIYII,-0.0007873648556708026
YXIXXZIYIZZXII,-0.0007873648556708026
XXIYZXIIIIIXYX,-0.0009657555658900948
XXIYIYIIIZZYYX,-0.0009657555658900948
YXIYZXIIIIIXXX,0.0009657555658900948
YXIYIYIIIZZYXX,0.0009657555658900948
ZIIZZXIYIIIZIY,-0.09060288026607205
ZIIZIYIYIIIZZX,0.09060288026607205
XYYZZXIYIIIZIY,-0.0018758452813408873
XYYZIYIYIIIZZX,0.0018758452813408873
YYXZZXIYIIIZIY,0.0018758452813408873
YYXZIYIYIIIZZX,-0.0018758452813408873
XXIXZYYYIIIZIY,-0.00020593039769546066
XXIXIXYYIIIZZX,-0.00020593039769546066
YXIXZYXYIIIZIY,0.00020593039769546066
YXIXIXXYIIIZZX,0.00020593039769546066
XXIYZXIIIZYYIY,0.0017466379198286955
XXIYIYIIIZYYZX,-0.0017466379198286955
YXIYZXIIIZXYIY,-0.0017466379198286955
YXIYIYIIIZXYZX,0.0017466379198286955
ZIIIIIZIIIIIII,0.24299948549736203
ZIIZIZXYIZYXII,0.054992514037618526
ZIIZIZYYIZXXII,-0.054992514037618526
XYYIIIZIIIIIII,0.008121378646407343
YYXIIIZIIIIIII,-0.008121378646407343
XXIXIIZYIZYXII,0.0053936973991465
YXIXIIZYIZXXII,-0.0053936973991465
ZIIZIZZZIIIIII,0.24994269782726167
XYYZIZZZIIIIII,0.003391136981441992
YYXZIZZZIIIIII,-0.003391136981441992
XXIXIIXZIIIIII,0.0028405005803589308
YXIXIIYZIIIIII,0.0028405005803589308
XXIYIZZXIZYXII,0.0048091170950203665
YXIYIZZXIZXXII,-0.0048091170950203665
XXIYIZZIYZIIII,0.0033625437830830125
XXIXIIIZXIIIII,0.0033625437830830125
YXIYIZZIXZIIII,-0.0033625437830830125
YXIXIIIZYIIIII,0.0033625437830830125
ZIIZIZZYIIIYII,0.0548519973245687
ZIIIIIIXIZZXII,0.0548519973245687
XYYZIZZYIIIYII,0.0005587400724671668
XYYIIIIXIZZXII,0.0005587400724671668
YYXZIZZYIIIYII,-0.0005587400724671668
YYXIIIIXIZZXII,-0.0005587400724671668
XXIXIIXYIIIYII,-0.0005845803041261335
XXIYIZYXIZZXII,0.0005845803041261335
YXIXIIYYIIIYII,-0.0005845803041261335
YXIYIZXXIZZXII,-0.0005845803041261335
XXIYIZZIIZYZII,7.13772822888626e-05
XXIXIIIZIIXIII,7.13772822888626e-05
YXIYIZZIIZXZII,-7.13772822888626e-05
YXIXIIIZIIYIII,7.13772822888626e-05
XXIXYYZYIIIZIY,0.002408549931296594
XXIYYXIXIIIZZX,0.002408549931296594
YXIXXYZYIIIZIY,-0.002408549931296594
YXIYXXIXIIIZZX,-0.002408549931296594
XXIYIZZIIIIIYZ,0.0032997028966600204
XXIXIIIZIIIIXI,0.0032997028966600204
YXIYIZZIIIIIXZ,-0.0032997028966600204
YXIXIIIZIIIIYI,0.0032997028966600204
ZIIIIIIIZIIIII,0.27232293197256285
XYYIIIIIZIIIII,0.011039099545017977
YYXIIIIIZIIIII,-0.011039099545017977
XXIYIZYIZIIIII,0.004642109180055119
YXIYIZXIZIIIII,-0.004642109180055119
XXIXIIIYZZYXII,0.005488708027633186
YXIXIIIYZZXXII,-0.005488708027633186
ZIIIIIIIZZIIII,0.2788340679908178
XYYIIIIIZZIIII,0.002923599094498412
YYXIIIIIZZIIII,-0.002923599094498412
XXIYIZYIZZIIII,0.0012795653969721074
YXIYIZXIZZIIII,-0.0012795653969721074
XXIXIIIYZIYXII,0.001552035640620236
YXIXIIIYZIXXII,-0.001552035640620236
XXIXIIIYXIIYII,-0.00393667238701295
XXIXIIIYYIZXII,0.00393667238701295
YXIXIIIYYIIYII,-0.00393667238701295
YXIXIIIYXIZXII,-0.00393667238701295
ZIIIIIIIIIZIII,0.19284589524915674
XYYIIIIIIIZIII,0.003447562588583032
YYXIIIIIIIZIII,-0.003447562588583032
XXIYIZYIIIZIII,0.0053685205895072936
YXIYIZXIIIZIII,-0.0053685205895072936
ZIIIIIIIIZZZII,0.20067322434543158
XYYIIIIIIZZZII,0.0017447473598474262
YYXIIIIIIZZZII,-0.0017447473598474262
XXIYIZYIIZZZII,0.005297143307218431
YXIYIZXIIZZZII,-0.005297143307218431
XXIXIIIYIIXYII,-0.0021022444266666765
YXIXIIIYIIYYII,-0.0021022444266666765
XXIYYXIIIZZYIY,0.0023020060937073597
XXIYYXIIIIIXZX,0.0023020060937073597
YXIYXXIIIZZYIY,-0.0023020060937073597
YXIYXXIIIIIXZX,-0.0023020060937073597
XXIXIIIYIZZXYZ,0.0030478074151535682
XXIXIIIYIIIYXI,-0.0030478074151535682
YXIXIIIYIZZXXZ,-0.0030478074151535682
YXIXIIIYIIIYYI,-0.0030478074151535682
ZIIIIIIIIIIIZI,0.2118862514564207
XYYIIIIIIIIIZI,0.006926732616995247
YYXIIIIIIIIIZI,-0.006926732616995247
XXIYIZYIIIIIZI,0.004341984582163533
YXIYIZXIIIIIZI,-0.004341984582163533
XXIXIIIYIZYXZI,0.00432932746069951
YXIXIIIYIZXXZI,-0.00432932746069951
ZIIIIIIIIIIIZZ,0.21723381908928674
XYYIIIIIIIIIZZ,0.002349844484494522
YYXIIIIIIIIIZZ,-0.002349844484494522
XXIYIZYIIIIIZZ,0.0010422816855035126
YXIYIZXIIIIIZZ,-0.0010422816855035126
XXIXIIIYIZYXZZ,0.0012815200455459418
YXIXIIIYIZXXZZ,-0.0012815200455459418
ZZZIIIIIIIIIII,0.2511437176182225
ZXZZIIIIIIIIII,-0.003243222505234169
IXIIIIIIIIIIII,0.003243222505234169
ZXZXIIIZIIIIII,-0.004012941665692191
IYZYIZZIIIIIII,-0.004012941665692191
ZXZXIIIYIIIYII,0.00019560880948874643
IYZXIIIYIZZXII,-0.00019560880948874643
ZYXIYZIIIIIIII,-0.004441248384858458
ZYYIXZIIIIIIII,0.004441248384858458
IXXIXIIIIIIIII,-0.004441248384858458
IXYIYIIIIIIIII,-0.004441248384858458
ZYXZYXIYIIIZIY,0.00577571578054735
ZYYZXXIYIIIZIY,-0.00577571578054735
IXXZYXIYIIIZZX,0.00577571578054735
IXYZXXIYIIIZZX,-0.00577571578054735
ZIXYIZYIIIIIII,-0.032115585914520066
ZIYYIZXIIIIIII,0.032115585914520066
ZYXXIZYIIIIIII,-0.0023030910916513794
ZYYXIZXIIIIIII,0.0023030910916513794
IYYYIZYIIIIIII,-0.0023030910916513794
IYXYIZXIIIIIII,-0.0023030910916513794
ZYXZIZYZIIIIII,-0.004730241664965352
ZYYZIZXZIIIIII,0.004730241664965352
IXXIIIXIIIIIII,-0.004730241664965352
IXYIIIYIIIIIII,-0.004730241664965352
ZYXZIZYYIIIYII,-0.005086201813249762
ZYYZIZXYIIIYII,0.005086201813249762
IXXZIZYYIZZXII,-0.005086201813249762
IXYZIZXYIZZXII,0.005086201813249762
ZYXIIIIIYZIIII,-0.008115500450519564
ZYYIIIIIXZIIII,0.008115500450519564
IXXIIIIIXIIIII,-0.008115500450519564
IXYIIIIIYIIIII,-0.008115500450519564
ZIXXIIIYIZYXII,-0.07707435982841543
ZIYXIIIYIZXXII,0.07707435982841543
ZYXYIIIYIZYXII,0.0016615677561302872
ZYYYIIIYIZXXII,-0.0016615677561302872
IYYXIIIYIZYXII,-0.0016615677561302872
IYXXIIIYIZXXII,-0.0016615677561302872
ZYXIIIIXIZYXII,-0.004662894997477847
ZYYIIIIXIZXXII,0.004662894997477847
IXXZIZZYIZYXII,0.004662894997477847
IXYZIZZYIZXXII,-0.004662894997477847
ZYXIIIIIIZYZII,-0.0017028152287356059
ZYYIIIIIIZXZII,0.0017028152287356059
IXXIIIIIIIXIII,-0.0017028152287356059
IXYIIIIIIIYIII,-0.0017028152287356059
ZYXZIYIYIIIZYX,-0.003469562398805062
ZYYZIYIYIIIZXX,0.003469562398805062
IXXZZXIYIIIZYX,-0.003469562398805062
IXYZZXIYIIIZXX,0.003469562398805062
ZYXIIIIIIIIIYZ,-0.004576888132500726
ZYYIIIIIIIIIXZ,0.004576888132500726
IXXIIIIIIIIIXI,-0.004576888132500726
IXYIIIIIIIIIYI,-0.004576888132500726
ZIZZIIIIIIIIII,0.23659950641263702
ZIZXIIIZIIIIII,0.026491109134783673
ZZIXIZZIIIIIII,-0.026491109134783673
ZIZXIIIYIIIYII,-0.06812556730200842
ZZIYIIIYIZZXII,0.06812556730200842
ZYZYIIIZIIIIII,0.0017098505740408125
IXZXIZZIIIIIII,0.0017098505740408125
ZYZYIIIYIIIYII,0.0014659589466415408
IXZYIIIYIZZXII,0.0014659589466415408
ZYZZIYIYIIIZIY,0.0023061533817422862
ZXIIZXIYIIIZIY,0.007651561061888236
ZXIIIYIYIIIZZX,-0.005345407680145948
IXZZZXIYIIIZIY,-0.005345407680145948
IXZZIYIYIIIZZX,0.007651561061888236
IYIIZXIYIIIZZX,-0.0023061533817422862
ZYZIIIIXIIIYII,0.0004233068157719152
ZXIIIZZYIIIYII,-0.005644941885716928
ZXIZIIIXIZZXII,-0.005221635069945013
IXZZIZZYIIIYII,0.005221635069945013
IXZIIIIXIZZXII,0.005644941885716928
IYIIIZZYIZZXII,0.0004233068157719152
ZZIIZIIIIIIIII,0.19998260428325443
ZXIZZIIIIIIIII,-0.001101570833907941
IXZIZIIIIIIIII,0.001101570833907941
ZXIXZIIZIIIIII,-0.001617274229470168
IYIYZZZIIIIIII,-0.001617274229470168
ZXIXZIIYIIIYII,-5.012126152682914e-05
IYIXZIIYIZZXII,5.012126152682914e-05
ZXIYXIYIIIIIII,0.0008598550944568965
ZXIYYIXIIIIIII,-0.0008598550944568965
IYIYYZYIIIIIII,0.0008598550944568965
IYIYXZXIIIIIII,0.0008598550944568965
ZXIXXYYYIIIZIY,0.0012397730342854757
ZXIXYYXYIIIZIY,-0.0012397730342854757
IYIXXYYYIIIZZX,-0.0012397730342854757
IYIXYYXYIIIZZX,0.0012397730342854757
ZXIXXZIYIZYXII,0.0007873648556708025
ZXIXYZIYIZXXII,-0.0007873648556708025
IYIXYIIYIZYXII,0.0007873648556708025
IYIXXIIYIZXXII,0.0007873648556708025
ZXIYXXIIIZYYIY,0.0009657555658900948
ZXIYYXIIIZXYIY,-0.0009657555658900948
IYIYXXIIIZYYZX,-0.0009657555658900948
IYIYYXIIIZXYZX,0.0009657555658900948
ZZIZXXIYIIIZYX,-0.09060288026607205
ZZIZYXIYIIIZXX,0.09060288026607205
ZXIIXXIYIIIZYX,0.0018758452813408873
ZXIIYXIYIIIZXX,-0.0018758452813408873
IXZZXXIYIIIZYX,-0.0018758452813408873
IXZZYXIYIIIZXX,0.0018758452813408873
ZXIYXXIXIIIZYX,0.00020593039769546066
ZXIYYXIXIIIZXX,-0.00020593039769546066
IYIXXYZYIIIZYX,0.00020593039769546066
IYIXYYZYIIIZXX,-0.00020593039769546066
ZXIYXXIIIIIXYX,-0.0017466379198286955
ZXIYYXIIIIIXXX,0.0017466379198286955
IYIYXXIIIZZYYX,-0.0017466379198286955
IYIYYXIIIZZYXX,0.0017466379198286955
ZZIIZZIIIIIIII,0.19723400818572887
ZZIZZXIYIIIZIY,-0.08677420850721572
ZZIZIYIYIIIZZX,0.08677420850721572
ZXIZZZIIIIIIII,-0.005542819218766398
IXZIZZIIIIIIII,0.005542819218766398
ZXIXZZIZIIIIII,-0.0024771293239270646
IYIYZIZIIIIIII,-0.0024771293239270646
ZXIXZZIYIIIYII,0.0007372435941439733
IYIXZZIYIZZXII,-0.0007372435941439733
ZXIYZXIXIIIZIY,-0.0010338426365900154
ZXIXIXZYIIIZIY,-0.0011687768970111182
ZXIYIYIXIIIZZX,0.0022026195336011336
IYIXZYZYIIIZIY,-0.0022026195336011336
IYIYZXIXIIIZZX,-0.0011687768970111182
IYIXIXZYIIIZZX,-0.0010338426365900154
ZXIYZXIIIIIXIY,-0.0027123934857187903
ZXIYIYIIIZZYIY,0.0013362505278172654
ZXIYIYIIIIIXZX,0.004048644013536055
IYIYZXIIIZZYIY,-0.004048644013536055
IYIYZXIIIIIXZX,-0.0013362505278172654
IYIYIYIIIZZYZX,0.0027123934857187903
ZZIIIIZIIIIIII,0.24994269782726167
ZXIZIIZIIIIIII,-0.003391136981441992
IXZIIIZIIIIIII,0.003391136981441992
ZXIXIIZZIIIIII,0.0028405005803589303
IYIYIZIIIIIIII,0.0028405005803589303
ZXIXIIZYIIIYII,0.0048091170950203665
IYIXIIZYIZZXII,-0.0048091170950203665
ZXIYIZXIYZIIII,-0.003362543783083012
ZXIYIZYIXZIIII,0.003362543783083012
IYIYIZXIXIIIII,0.003362543783083012
IYIYIZYIYIIIII,0.003362543783083012
ZZIZIZXYIZYXII,0.0548519973245687
ZZIZIZYYIZXXII,-0.0548519973245687
ZXIIIZXYIZYXII,-0.0005587400724671668
ZXIIIZYYIZXXII,0.0005587400724671668
IXZZIZXYIZYXII,0.0005587400724671668
IXZZIZYYIZXXII,-0.0005587400724671668
ZXIYIZXXIZYXII,0.0005845803041261335
ZXIYIZYXIZXXII,-0.0005845803041261335
IYIXIIYYIZYXII,0.0005845803041261335
IYIXIIXYIZXXII,0.0005845803041261335
ZXIYIZXIIZYZII,-7.137728228886262e-05
ZXIYIZYIIZXZII,7.137728228886262e-05
IYIYIZXIIIXIII,7.137728228886262e-05
IYIYIZYIIIYIII,7.137728228886262e-05
ZXIXIXXYIIIZYX,-0.002408549931296594
ZXIXIXYYIIIZXX,0.002408549931296594
IYIXZYXYIIIZYX,-0.002408549931296594
IYIXZYYYIIIZXX,0.002408549931296594
ZXIYIZXIIIIIYZ,-0.0032997028966600204
ZXIYIZYIIIIIXZ,0.0032997028966600204
IYIYIZXIIIIIXI,0.0032997028966600204
IYIYIZYIIIIIYI,0.0032997028966600204
ZZIZIZZZIIIIII,0.24299948549736203
ZZIZIZZYIIIYII,0.054992514037618526
ZZIIIIIXIZZXII,0.054992514037618526
ZXIIIZZZIIIIII,-0.008121378646407343
IXZZIZZZIIIIII,0.008121378646407343
ZXIYIZZXIIIYII,0.0053936973991465
IYIYIZZXIZZXII,-0.0053936973991465
ZZIIIIIIZIIIII,0.2788340679908178
ZXIZIIIIZIIIII,-0.002923599094498412
IXZIIIIIZIIIII,0.002923599094498412
ZXIXIIIZZIIIII,-0.0012795653969721074
IYIYIZZIZIIIII,-0.0012795653969721074
ZXIXIIIYZIIYII,0.001552035640620236
IYIXIIIYZZZXII,-0.001552035640620236
ZXIXIIIYXIYXII,0.00393667238701295
ZXIXIIIYYIXXII,-0.00393667238701295
IYIXIIIYYZYXII,0.00393667238701295
IYIXIIIYXZXXII,0.00393667238701295
ZZIIIIIIZZIIII,0.27232293197256285
ZXIZIIIIZZIIII,-0.011039099545017977
IXZIIIIIZZIIII,0.011039099545017977
ZXIXIIIZZZIIII,-0.004642109180055119
IYIYIZZIZZIIII,-0.004642109180055119
ZXIXIIIYZZIYII,0.005488708027633186
IYIXIIIYZIZXII,-0.005488708027633186
ZZIIIIIIIIZIII,0.20067322434543158
ZXIZIIIIIIZIII,-0.0017447473598474262
IXZIIIIIIIZIII,0.0017447473598474262
ZXIXIIIZIIZIII,-0.005297143307218431
IYIYIZZIIIZIII,-0.005297143307218431
ZXIXIIIYIIZYII,-0.0021022444266666765
IYIXIIIYIZIXII,0.0021022444266666765
ZXIYIYIIIZXYYX,0.0023020060937073597
ZXIYIYIIIZYYXX,-0.0023020060937073597
IYIYZXIIIZXYYX,-0.0023020060937073597
IYIYZXIIIZYYXX,0.0023020060937073597
ZXIXIIIYIZXXYZ,-0.0030478074151535682
ZXIXIIIYIZYXXZ,0.0030478074151535682
IYIXIIIYIZXXXI,0.0030478074151535682
IYIXIIIYIZYXYI,0.0030478074151535682
ZZIIIIIIIZZZII,0.19284589524915674
ZXIZIIIIIZZZII,-0.003447562588583032
IXZIIIIIIZZZII,0.003447562588583032
ZXIXIIIZIZZZII,-0.0053685205895072936
IYIYIZZIIZZZII,-0.0053685205895072936
ZZIIIIIIIIIIZI,0.21723381908928674
ZXIZIIIIIIIIZI,-0.002349844484494522
IXZIIIIIIIIIZI,0.002349844484494522
ZXIXIIIZIIIIZI,-0.0010422816855035126
IYIYIZZIIIIIZI,-0.0010422816855035126
ZXIXIIIYIIIYZI,0.0012815200455459418
IYIXIIIYIZZXZI,-0.0012815200455459418
ZZIIIIIIIIIIZZ,0.2118862514564207
ZXIZIIIIIIIIZZ,-0.006926732616995247
IXZIIIIIIIIIZZ,0.006926732616995247
ZXIXIIIZIIIIZZ,-0.004341984582163533
IYIYIZZIIIIIZZ,-0.004341984582163533
ZXIXIIIYIIIYZZ,0.00432932746069951
IYIXIIIYIZZXZZ,-0.00432932746069951
IZIZIIIIIIIIII,0.18204253159856143
IIYXIZYIIIIIII,0.0010175403345651479
IIXXIZXIIIIIII,0.0010175403345651479
IIYYIIIYIZYXII,0.035726051720712346
IIXYIIIYIZXXII,0.035726051720712346
IIYIYZIIIIIIII,0.036104796462436695
IZXZXIIIIIIIII,0.036104796462436695
IIXIXZIIIIIIII,0.036104796462436695
IZYZYIIIIIIIII,0.036104796462436695
IIYZIYIYIIIZYX,0.010086630840419147
IZXIZXIYIIIZYX,0.010086630840419147
IIXZIYIYIIIZXX,0.010086630840419147
IZYIZXIYIIIZXX,-0.010086630840419147
IZIXIIIZIIIIII,-0.0010175403345651479
IIZXIZZIIIIIII,0.0010175403345651479
IIYZIZYZIIIIII,0.03101391058577455
IZXZIIXIIIIIII,0.03101391058577455
IIXZIZXZIIIIII,0.03101391058577455
IZYZIIYIIIIIII,0.03101391058577455
IIYIIIIXIZYXII,0.005241995445834418
IZXIIZZYIZYXII,-0.005241995445834418
IIXIIIIXIZXXII,0.005241995445834418
IZYIIZZYIZXXII,0.005241995445834418
IIYIIIIIYZIIII,0.03611633037057833
IZXZIIIIXIIIII,0.03611633037057833
IIXIIIIIXZIIII,0.03611633037057833
IZYZIIIIYIIIII,0.03611633037057833
IZIXIIIYIIIYII,-0.035726051720712346
IIZYIIIYIZZXII,0.035726051720712346
IIYZIZYYIIIYII,0.005241995445834418
IZXIIZYYIZZXII,0.005241995445834418
IIXZIZXYIIIYII,0.005241995445834418
IZYIIZXYIZZXII,-0.005241995445834418
IIYIIIIIIZYZII,0.02547252569815684
IZXZIIIIIIXIII,0.02547252569815684
IIXIIIIIIZXZII,0.02547252569815684
IZYZIIIIIIYIII,0.02547252569815684
IIYZYXIYIIIZIY,-0.010086630840419147
IZXIYXIYIIIZZX,-0.010086630840419147
IIXZXXIYIIIZIY,-0.010086630840419147
IZYIXXIYIIIZZX,0.010086630840419147
IIYIIIIIIIIIYZ,0.015478000913408563
IZXZIIIIIIIIXI,0.015478000913408563
IIXIIIIIIIIIXZ,0.015478000913408563
IZYZIIIIIIIIYI,0.015478000913408563
IIZIZIIIIIIIII,0.12518115579131928
IIZZXXIYIIIZYX,-0.024490485434618174
IIZZYXIYIIIZXX,0.024490485434618174
IZXYZZYIIIIIII,-0.0032692822650046928
IZYYZZXIIIIIII,0.0032692822650046928
IZXXZIIYIZYXII,-0.02899453592220435
IZYXZIIYIZXXII,0.02899453592220435
IZXXXYYYIIIZYX,-0.010542063758692308
IZXXYYXYIIIZYX,0.010755433759545
IZXXYYYYIIIZXX,-0.0002133700008526895
IZYXXYXYIIIZYX,-0.0002133700008526895
IZYXXYYYIIIZXX,0.010755433759545
IZYXYYXYIIIZXX,-0.010542063758692308
IZXYXXIIIZYYYX,-0.010351320384285207
IZXYYXIIIZXYYX,0.015816241164199163
IZXYYXIIIZYYXX,-0.005464920779913951
IZYYXXIIIZXYYX,-0.005464920779913951
IZYYXXIIIZYYXX,0.015816241164199163
IZYYYXIIIZXYXX,-0.010351320384285207
IIZIZZIIIIIIII,0.16128595225375597
IZXYZIYIIIIIII,0.0017259967955350702
IZYYZIXIIIIIII,-0.0017259967955350702
IZXXZZIYIZYXII,-0.018968187075853134
IZYXZZIYIZXXII,0.018968187075853134
IZXXXIIZIIIIII,-0.0049952790605397625
IZXYYIZIIIIIII,-0.0049952790605397625
IZYXYIIZIIIIII,-0.0049952790605397625
IZYYXIZIIIIIII,0.0049952790605397625
IZXYZXIXIIIZYX,-0.008519835642695532
IZXXIXZYIIIZYX,0.008519835642695532
IZYYZXIXIIIZXX,0.008519835642695532
IZYXIXZYIIIZXX,-0.008519835642695532
IZXXXIIYIIIYII,0.010026348846351214
IZXXYZIYIZZXII,-0.010026348846351214
IZYXYIIYIIIYII,0.010026348846351214
IZYXXZIYIZZXII,0.010026348846351214
IZXYZXIIIIIXYX,-0.00883265271518429
IZXYIYIIIZZYYX,-0.00883265271518429
IZYYZXIIIIIXXX,0.00883265271518429
IZYYIYIIIZZYXX,0.00883265271518429
IIZZZXIYIIIZIY,-0.03457711627503732
IIZZIYIYIIIZZX,0.03457711627503732
IZXXZYYYIIIZIY,-0.019061899401387843
IZXXIXYYIIIZZX,-0.019061899401387843
IZYXZYXYIIIZIY,0.019061899401387843
IZYXIXXYIIIZZX,0.019061899401387843
IZXYZXIIIZYYIY,-0.0191839730994695
IZXYIYIIIZYYZX,0.0191839730994695
IZYYZXIIIZXYIY,0.0191839730994695
IZYYIYIIIZXYZX,-0.0191839730994695
IIZIIIZIIIIIII,0.13789668566084357
IIZZIZXYIZYXII,0.018624103760229826
IIZZIZYYIZXXII,-0.018624103760229826
IZXXIIZYIZYXII,-0.02990404933075693
IZYXIIZYIZXXII,0.02990404933075693
IIZZIZZZIIIIII,0.16891059624661814
IZXXIIXZIIIIII,0.026111618134046333
IZYXIIYZIIIIII,0.026111618134046333
IZXYIZZXIZYXII,-0.022046540611503157
IZYYIZZXIZXXII,0.022046540611503157
IZXYIZZIYZIIII,0.011727214413193498
IZXXIIIZXIIIII,0.011727214413193498
IZYYIZZIXZIIII,-0.011727214413193498
IZYXIIIZYIIIII,0.011727214413193498
IIZZIZZYIIIYII,0.023866099206064244
IIZIIIIXIZZXII,0.023866099206064244
IZXXIIXYIIIYII,0.007857508719253774
IZXYIZYXIZZXII,-0.007857508719253774
IZYXIIYYIIIYII,0.007857508719253774
IZYYIZXXIZZXII,0.007857508719253774
IZXYIZZIIZYZII,-0.015243262358972678
IZXXIIIZIIXIII,-0.015243262358972678
IZYYIZZIIZXZII,0.015243262358972678
IZYXIIIZIIYIII,-0.015243262358972678
IZXXYYZYIIIZIY,0.01927526940224053
IZXYYXIXIIIZZX,0.01927526940224053
IZYXXYZYIIIZIY,-0.01927526940224053
IZYYXXIXIIIZZX,-0.01927526940224053
IZXYIZZIIIIIYZ,0.004167830749052836
IZXXIIIZIIIIXI,0.004167830749052836
IZYYIZZIIIIIXZ,-0.004167830749052836
IZYXIIIZIIIIYI,0.004167830749052836
IIZIIIIIZIIIII,0.15073508645772557
IZXYIZYIZIIIII,-0.005474951097057285
IZYYIZXIZIIIII,0.005474951097057285
IZXXIIIYZZYXII,-0.024867805637380145
IZYXIIIYZZXXII,0.024867805637380145
IIZIIIIIZZIIII,0.1868514168283039
IZXYIZYIZZIIII,-0.01720216551025078
IZYYIZXIZZIIII,0.01720216551025078
IZXXIIIYZIYXII,-0.039644376424225185
IZYXIIIYZIXXII,0.039644376424225185
IZXXIIIYXIIYII,-0.014776570786845045
IZXXIIIYYIZXII,0.014776570786845045
IZYXIIIYYIIYII,-0.014776570786845045
IZYXIIIYXIZXII,-0.014776570786845045
IIZIIIIIIIZIII,0.12806790078112484
IZXYIZYIIIZIII,-0.000598497687099242
IZYYIZXIIIZIII,0.000598497687099242
IIZIIIIIIZZZII,0.15354042647928168
IZXYIZYIIZZZII,0.014644764671873436
IZYYIZXIIZZZII,-0.014644764671873436
IZXXIIIYIIXYII,-0.024196918657474472
IZYXIIIYIIYYII,-0.024196918657474472
IZXYYXIIIZZYIY,0.024648893879383446
IZXYYXIIIIIXZX,0.024648893879383446
IZYYXXIIIZZYIY,-0.024648893879383446
IZYYXXIIIIIXZX,-0.024648893879383446
IZXXIIIYIZZXYZ,-0.0024864806599443766
IZXXIIIYIIIYXI,0.0024864806599443766
IZYXIIIYIZZXXZ,0.0024864806599443766
IZYXIIIYIIIYYI,0.0024864806599443766
IIZIIIIIIIIIZI,0.14057951627677354
IZXYIZYIIIIIZI,0.0007103940356602092
IZYYIZXIIIIIZI,-0.0007103940356602092
IZXXIIIYIZYXZI,-0.019748084398956676
IZYXIIIYIZXXZI,0.019748084398956676
IIZIIIIIIIIIZZ,0.1560575171901821
IZXYIZYIIIIIZZ,-0.0034574367133926275
IZYYIZXIIIIIZZ,0.0034574367133926275
IZXXIIIYIZYXZZ,-0.017261603739012296
IZYXIIIYIZXXZZ,0.017261603739012296
IZZZZIIIIIIIII,0.16128595225375597
IZZXZIIZIIIIII,-0.0017259967955350702
IIIXZZZIIIIIII,0.0017259967955350702
IZZXZIIYIIIYII,-0.018968187075853134
IIIYZIIYIZZXII,0.018968187075853134
IZZYXIYIIIIIII,-0.0049952790605397625
IZZYYIXIIIIIII,0.0049952790605397625
IIIXYZYIIIIIII,0.0049952790605397625
IIIXXZXIIIIIII,0.0049952790605397625
IZZXXYYYIIIZIY,0.008519835642695532
IZZXYYXYIIIZIY,-0.008519835642695532
IIIYXYYYIIIZZX,-0.008519835642695532
IIIYYYXYIIIZZX,0.008519835642695532
IZZXXZIYIZYXII,-0.010026348846351214
IZZXYZIYIZXXII,0.010026348846351214
IIIYYIIYIZYXII,-0.010026348846351214
IIIYXIIYIZXXII,-0.010026348846351214
IZZYXXIIIZYYIY,0.00883265271518429
IZZYYXIIIZXYIY,-0.00883265271518429
IIIXXXIIIZYYZX,0.00883265271518429
IIIXYXIIIZXYZX,-0.00883265271518429
IZZIXXIYIIIZYX,-0.03457711627503732
IZZIYXIYIIIZXX,0.03457711627503732
IZZYXXIXIIIZYX,0.019061899401387843
IZZYYXIXIIIZXX,-0.019061899401387843
IIIYXYZYIIIZYX,0.019061899401387843
IIIYYYZYIIIZXX,-0.019061899401387843
IZZYXXIIIIIXYX,0.0191839730994695
IZZYYXIIIIIXXX,-0.0191839730994695
IIIXXXIIIZZYYX,-0.0191839730994695
IIIXYXIIIZZYXX,0.0191839730994695
IZZZZZIIIIIIII,0.12518115579131928
IZZIZXIYIIIZIY,-0.024490485434618174
IZZIIYIYIIIZZX,0.024490485434618174
IZZXZZIZIIIIII,0.0032692822650046928
IIIXZIZIIIIIII,-0.0032692822650046928
IZZXZZIYIIIYII,-0.02899453592220435
IIIYZZIYIZZXII,0.02899453592220435
IZZYZXIXIIIZIY,0.010542063758692308
IZZXIXZYIIIZIY,-0.010755433759545
IZZYIYIXIIIZZX,0.0002133700008526895
IIIYZYZYIIIZIY,-0.0002133700008526895
IIIXZXIXIIIZZX,0.010755433759545
IIIYIXZYIIIZZX,0.010542063758692308
IZZYZXIIIIIXIY,0.010351320384285207
IZZYIYIIIZZYIY,0.015816241164199163
IZZYIYIIIIIXZX,0.005464920779913951
IIIXZXIIIZZYIY,0.005464920779913951
IIIXZXIIIIIXZX,0.015816241164199163
IIIXIYIIIZZYZX,0.010351320384285207
IZZZIIZIIIIIII,0.16891059624661814
IZZXIIZZIIIIII,0.026111618134046333
IIIXIZIIIIIIII,-0.026111618134046333
IZZXIIZYIIIYII,-0.022046540611503157
IIIYIIZYIZZXII,0.022046540611503157
IZZYIZXIYZIIII,-0.0117272144131935
IZZYIZYIXZIIII,0.0117272144131935
IIIXIZXIXIIIII,-0.0117272144131935
IIIXIZYIYIIIII,-0.0117272144131935
IZZIIZXYIZYXII,0.023866099206064244
IZZIIZYYIZXXII,-0.023866099206064244
IZZYIZXXIZYXII,-0.007857508719253774
IZZYIZYXIZXXII,0.007857508719253774
IIIYIIYYIZYXII,-0.007857508719253774
IIIYIIXYIZXXII,-0.007857508719253774
IZZYIZXIIZYZII,0.015243262358972678
IZZYIZYIIZXZII,-0.015243262358972678
IIIXIZXIIIXIII,0.015243262358972678
IIIXIZYIIIYIII,0.015243262358972678
IZZXIXXYIIIZYX,-0.01927526940224053
IZZXIXYYIIIZXX,0.01927526940224053
IIIYZYXYIIIZYX,-0.01927526940224053
IIIYZYYYIIIZXX,0.01927526940224053
IZZYIZXIIIIIYZ,-0.004167830749052836
IZZYIZYIIIIIXZ,0.004167830749052836
IIIXIZXIIIIIXI,-0.004167830749052836
IIIXIZYIIIIIYI,-0.004167830749052836
IZZIIZZZIIIIII,0.13789668566084357
IZZIIZZYIIIYII,0.018624103760229826
IZZZIIIXIZZXII,0.018624103760229826
IZZYIZZXIIIYII,-0.02990404933075693
IIIXIZZXIZZXII,-0.02990404933075693
IZZZIIIIZIIIII,0.1868514168283039
IZZXIIIZZIIIII,0.01720216551025078
IIIXIZZIZIIIII,-0.01720216551025078
IZZXIIIYZIIYII,-0.039644376424225185
IIIYIIIYZZZXII,0.039644376424225185
IZZXIIIYXIYXII,0.014776570786845043
IZZXIIIYYIXXII,-0.014776570786845043
IIIYIIIYYZYXII,0.014776570786845043
IIIYIIIYXZXXII,0.014776570786845043
IZZZIIIIZZIIII,0.15073508645772557
IZZXIIIZZZIIII,0.005474951097057285
IIIXIZZIZZIIII,-0.005474951097057285
IZZXIIIYZZIYII,-0.024867805637380145
IIIYIIIYZIZXII,0.024867805637380145
IZZZIIIIIIZIII,0.15354042647928168
IZZXIIIZIIZIII,-0.014644764671873436
IIIXIZZIIIZIII,0.014644764671873436
IZZXIIIYIIZYII,-0.02419691865747447
IIIYIIIYIZIXII,0.02419691865747447
IZZYIYIIIZXYYX,0.024648893879383446
IZZYIYIIIZYYXX,-0.024648893879383446
IIIXZXIIIZXYYX,0.024648893879383446
IIIXZXIIIZYYXX,-0.024648893879383446
IZZXIIIYIZXXYZ,0.0024864806599443766
IZZXIIIYIZYXXZ,-0.0024864806599443766
IIIYIIIYIZXXXI,-0.0024864806599443766
IIIYIIIYIZYXYI,-0.0024864806599443766
IZZZIIIIIZZZII,0.12806790078112484
IZZXIIIZIZZZII,0.000598497687099242
IIIXIZZIIZZZII,-0.000598497687099242
IZZZIIIIIIIIZI,0.1560575171901821
IZZXIIIZIIIIZI,0.0034574367133926275
IIIXIZZIIIIIZI,-0.0034574367133926275
IZZXIIIYIIIYZI,-0.017261603739012296
IIIYIIIYIZZXZI,0.017261603739012296
IZZZIIIIIIIIZZ,0.14057951627677354
IZZXIIIZIIIIZZ,-0.0007103940356602092
IIIXIZZIIIIIZZ,0.0007103940356602092
IZZXIIIYIIIYZZ,-0.019748084398956676
IIIYIIIYIZZXZZ,0.019748084398956676
IIIIIZIIIIIIII,0.1582464302519702
IIIZYYIYIIIZYX,0.02260255182991529
IIIZXYIYIIIZXX,0.02260255182991529
IIIZYZYZIIIIII,0.011814342533715981
IIIIXZXIIIIIII,0.011814342533715981
IIIZXZXZIIIIII,0.011814342533715981
IIIIYZYIIIIIII,0.011814342533715981
IIIIYIIXIZYXII,-0.007153494205690903
IIIZXIZYIZYXII,0.007153494205690903
IIIIXIIXIZXXII,-0.007153494205690903
IIIZYIZYIZXXII,-0.007153494205690903
IIIIYIIIYZIIII,0.007200004977770195
IIIIXZIIXIIIII,0.007200004977770195
IIIIXIIIXZIIII,0.007200004977770195
IIIIYZIIYIIIII,0.007200004977770195
IIIZYZYYIIIYII,-0.007153494205690905
IIIZXIYYIZZXII,-0.007153494205690905
IIIZXZXYIIIYII,-0.007153494205690905
IIIZYIXYIZZXII,0.007153494205690905
IIIIYIIIIZYZII,0.017730532176721183
IIIIXZIIIIXIII,0.017730532176721183
IIIIXIIIIZXZII,0.017730532176721183
IIIIYZIIIIYIII,0.017730532176721183
IIIZIXIYIIIZIY,-0.02260255182991529
IIIZZYIYIIIZZX,0.02260255182991529
IIIIYIIIIIIIYZ,0.0381233662515848
IIIIXZIIIIIIXI,0.0381233662515848
IIIIXIIIIIIIXZ,0.0381233662515848
IIIIYZIIIIIIYI,0.0381233662515848
IIIIZIZIIIIIII,0.1378081019079162
IIIZZZXYIZYXII,0.017966020078821688
IIIZZZYYIZXXII,-0.017966020078821688
IIIZXXZYIIIZYX,-0.03943789042966854
IIIZYXZYIIIZXX,0.03943789042966854
IIIIXYXIIZYYYX,-0.008509259670194707
IIIIXYYIIZXYYX,0.0077061441141622325
IIIIXYYIIZYYXX,0.0008031155560324732
IIIIYYXIIZXYYX,0.0008031155560324732
IIIIYYXIIZYYXX,0.0077061441141622325
IIIIYYYIIZXYXX,-0.008509259670194707
IIIZZZZZIIIIII,0.1496224444416322
IIIIXYZXIIIZYX,-0.040005720976960875
IIIIYYZXIIIZXX,0.040005720976960875
IIIZZZZYIIIYII,0.010812525873130785
IIIIZIIXIZZXII,0.010812525873130785
IIIIXYZIIIIXYX,0.019622886703058073
IIIZXXIZIZZYYX,-0.019622886703058073
IIIIYYZIIIIXXX,-0.019622886703058073
IIIZYXIZIZZYXX,0.019622886703058073
IIIZXXXYIIIZIY,-0.0005678305472923334
IIIIXYYXIIIZZX,0.0005678305472923334
IIIZYXYYIIIZIY,-0.0005678305472923334
IIIIYYXXIIIZZX,-0.0005678305472923334
IIIIXYZIIZYYIY,0.011113627032863366
IIIZXXIZIZYYZX,0.011113627032863366
IIIIYYZIIZXYIY,-0.011113627032863366
IIIZYXIZIZXYZX,-0.011113627032863366
IIIIZIIIZIIIII,0.15001941888959752
IIIZXXIYZIIZYX,-0.04153371949886475
IIIZYXIYZIIZXX,0.04153371949886475
IIIIZIIIZZIIII,0.1572194238673677
IIIZXXIYZZIZYX,-0.04745568416286594
IIIZYXIYZZIZXX,0.04745568416286594
IIIZXXIYXIIZIY,-0.005921964664001188
IIIZXXIYYZIZZX,0.005921964664001188
IIIZYXIYYIIZIY,-0.005921964664001188
IIIZYXIYXZIZZX,-0.005921964664001188
IIIIZIIIIIZIII,0.12513028408778576
IIIZXXIYIIZZYX,-0.025616675196868322
IIIZYXIYIIZZXX,0.025616675196868322
IIIIZIIIIZZZII,0.14286081626450695
IIIZXXIYIZZIYX,-0.009488065112455167
IIIZYXIYIZZIXX,0.009488065112455167
IIIIXYYIIZZYIY,-0.011916742588895838
IIIIXYYIIIIXZX,-0.011916742588895838
IIIIYYXIIZZYIY,0.011916742588895838
IIIIYYXIIIIXZX,0.011916742588895838
IIIZXXIYIIXZIY,0.016128610084413155
IIIZXXIYIZYIZX,-0.016128610084413155
IIIZYXIYIIYZIY,0.016128610084413155
IIIZYXIYIZXIZX,0.016128610084413155
IIIIZIIIIIIIZI,0.11456204308866014
IIIIZIIIIIIIZZ,0.15268540934024494
IIIZXXIYIIIZXY,-0.023301542502184233
IIIZYXIYIIIZYY,-0.023301542502184233
IIIIZZZIIIIIII,0.1496224444416322
IIIZZXZYIIIZIY,-0.040005720976960875
IIIZIYZYIIIZZX,0.040005720976960875
IIIZZIXYIZYXII,0.010812525873130785
IIIZZIYYIZXXII,-0.010812525873130785
IIIIZYXIIZYYIY,-0.019622886703058073
IIIIZYYIIZXYIY,0.019622886703058073
IIIIIXXIIZYYZX,-0.019622886703058073
IIIIIXYIIZXYZX,0.019622886703058073
IIIIZYXXIIIZYX,0.0005678305472923335
IIIIZYYXIIIZXX,-0.0005678305472923335
IIIZIYYYIIIZYX,0.0005678305472923335
IIIZIYXYIIIZXX,0.0005678305472923335
IIIIZYXIIIIXYX,-0.011113627032863366
IIIIZYYIIIIXXX,0.011113627032863366
IIIIIXXIIZZYYX,0.011113627032863366
IIIIIXYIIZZYXX,-0.011113627032863366
IIIZZIZZIIIIII,0.1378081019079162
IIIZZIZYIIIYII,0.017966020078821688
IIIIZZIXIZZXII,0.017966020078821688
IIIIZYZXIIIZIY,-0.03943789042966854
IIIIIXZXIIIZZX,-0.03943789042966854
IIIIZYZIIIIXIY,0.008509259670194707
IIIZZXIZIZZYIY,-0.0077061441141622325
IIIZZXIZIIIXZX,0.0008031155560324732
IIIIIXZIIZZYIY,-0.0008031155560324732
IIIIIXZIIIIXZX,0.0077061441141622325
IIIZIYIZIZZYZX,0.008509259670194707
IIIIZZIIZIIIII,0.1572194238673677
IIIZZXIYZIIZIY,-0.04745568416286594
IIIZIYIYZIIZZX,0.04745568416286594
IIIZZXIYXZIZYX,0.005921964664001188
IIIZZXIYYZIZXX,-0.005921964664001188
IIIZIYIYYIIZYX,0.005921964664001188
IIIZIYIYXIIZXX,0.005921964664001188
IIIIZZIIZZIIII,0.15001941888959752
IIIZZXIYZZIZIY,-0.04153371949886475
IIIZIYIYZZIZZX,0.04153371949886475
IIIIZZIIIIZIII,0.14286081626450695
IIIZZXIYIIZZIY,-0.009488065112455167
IIIZIYIYIIZZZX,0.009488065112455167
IIIZZXIZIZXYYX,0.011916742588895838
IIIZZXIZIZYYXX,-0.011916742588895838
IIIIIXZIIZXYYX,-0.011916742588895838
IIIIIXZIIZYYXX,0.011916742588895838
IIIZZXIYIZXIYX,-0.016128610084413155
IIIZZXIYIZYIXX,0.016128610084413155
IIIZIYIYIIYZYX,-0.016128610084413155
IIIZIYIYIIXZXX,-0.016128610084413155
IIIIZZIIIZZZII,0.12513028408778576
IIIZZXIYIZZIIY,-0.025616675196868322
IIIZIYIYIZZIZX,0.025616675196868322
IIIIZZIIIIIIZI,0.15268540934024494
IIIZZXIYIIIZZY,-0.023301542502184233
IIIZIYIYIIIZIX,0.023301542502184233
IIIIZZIIIIIIZZ,0.11456204308866014
IIIZIZIZIIIIII,0.19565924466767554
IIIIIIYXIZYXII,0.03034658146477818
IIIIIIXXIZXXII,0.03034658146477818
IIIIIIYIYZIIII,0.013977604239549678
IIIZIZXZXIIIII,0.013977604239549678
IIIIIIXIXZIIII,0.013977604239549678
IIIZIZYZYIIIII,0.013977604239549678
IIIZIZIYIIIYII,0.03034658146477818
IIIIIIZXIZZXII,0.03034658146477818
IIIIIIYIIZYZII,0.01718519525135752
IIIZIZXZIIXIII,0.01718519525135752
IIIIIIXIIZXZII,0.01718519525135752
IIIZIZYZIIYIII,0.01718519525135752
IIIIIIYIIIIIYZ,0.017244216565482626
IIIZIZXZIIIIXI,0.017244216565482626
IIIIIIXIIIIIXZ,0.017244216565482626
IIIZIZYZIIIIYI,0.017244216565482626
IIIIIIZIZIIIII,0.16824181454634782
IIIZIZXYZZYXII,0.029512667862745964
IIIZIZYYZZXXII,-0.029512667862745964
IIIIIIZIZZIIII,0.18221941878589754
IIIZIZXYZIYXII,0.029077538095164876
IIIZIZYYZIXXII,-0.029077538095164876
IIIZIZXYXIIYII,-0.0004351297675810852
IIIZIZXYYIZXII,0.0004351297675810852
IIIZIZYYYIIYII,-0.0004351297675810852
IIIZIZYYXIZXII,-0.0004351297675810852
IIIIIIZIIIZIII,0.12008314754789362
IIIIIIZIIZZZII,0.13726834279925115
IIIZIZXYIIXYII,0.011149345584345811
IIIZIZYYIIYYII,0.011149345584345811
IIIZIZXYIZZXYZ,0.014479649891661749
IIIZIZXYIIIYXI,-0.014479649891661749
IIIZIZYYIZZXXZ,-0.014479649891661749
IIIZIZYYIIIYYI,-0.014479649891661749
IIIIIIZIIIIIZI,0.13480877178681777
IIIZIZXYIZYXZI,0.024866169872551865
IIIZIZYYIZXXZI,-0.024866169872551865
IIIIIIZIIIIIZZ,0.1520529883523004
IIIZIZXYIZYXZZ,0.010386519980890116
IIIZIZYYIZXXZZ,-0.010386519980890116
IIIZIZZZZIIIII,0.18221941878589754
IIIZIZZYZIIYII,0.029077538095164876
IIIIIIIXZZZXII,0.029077538095164876
IIIZIZZYXIYXII,0.0004351297675810852
IIIZIZZYYIXXII,-0.0004351297675810852
IIIIIIIXYZYXII,-0.0004351297675810852
IIIIIIIXXZXXII,-0.0004351297675810852
IIIZIZZZZZIIII,0.16824181454634782
IIIZIZZYZZIYII,0.029512667862745964
IIIIIIIXZIZXII,0.029512667862745964
IIIZIZZZIIZIII,0.13726834279925115
IIIZIZZYIIZYII,0.011149345584345813
IIIIIIIXIZIXII,0.011149345584345813
IIIZIZZYIZXXYZ,-0.014479649891661747
IIIZIZZYIZYXXZ,0.014479649891661747
IIIIIIIXIZXXXI,-0.014479649891661747
IIIIIIIXIZYXYI,-0.014479649891661747
IIIZIZZZIZZZII,0.12008314754789362
IIIZIZZZIIIIZI,0.1520529883523004
IIIZIZZYIIIYZI,0.010386519980890116
IIIIIIIXIZZXZI,0.010386519980890116
IIIZIZZZIIIIZZ,0.13480877178681777
IIIZIZZYIIIYZZ,0.024866169872551865
IIIIIIIXIZZXZZ,0.024866169872551865
IIIIIIIIIZIIII,0.22003977334376176
IIIIIIIIYZYZII,0.009647480292219977
IIIIIIIIXZXIII,0.009647480292219977
IIIIIIIIXZXZII,0.009647480292219977
IIIIIIIIYZYIII,0.009647480292219977
IIIIIIIIYIIIYZ,0.006087681413171834
IIIIIIIIXZIIXI,0.006087681413171834
IIIIIIIIXIIIXZ,0.006087681413171834
IIIIIIIIYZIIYI,0.006087681413171834
IIIIIIIIZIZIII,0.1375895335877066
IIIIIIIIZZZZII,0.14723701387992655
IIIIIIIIZIIIZI,0.15015856921322612
IIIIIIIIZIIIZZ,0.15624625062639796
IIIIIIIIZZZIII,0.14723701387992655
IIIIIIIIZIZZII,0.1375895335877066
IIIIIIIIZZIIZI,0.15624625062639796
IIIIIIIIZZIIZZ,0.15015856921322612
IIIIIIIIIZIZII,0.14928271978070182
IIIIIIIIIIYIYZ,0.02882660283968325
IIIIIIIIIZXZXI,0.02882660283968325
IIIIIIIIIIXIXZ,0.02882660283968325
IIIIIIIIIZYZYI,0.02882660283968325
IIIIIIIIIIZIZI,0.1127508409938601
IIIIIIIIIIZIZZ,0.14157744383354337
IIIIIIIIIZZZZI,0.14157744383354337
IIIIIIIIIZZZZZ,0.1127508409938601
IIIIIIIIIIIIIZ,0.15487887279421914
