IIIIIIIIIIIIIIII,-15.33546589066204
ZIIIIIIIIIIIIIII,3.9280611009032764
YZYIIIIIIIIIIIII,0.04507423816480698
XZXIIIIIIIIIIIII,0.04507423816480698
YZZZZZZZZZYIIIII,0.04415577522022983
XZZZZZZZZZXIIIII,0.04415577522022983
IZIIIIIIIIIIIIII,3.928061100903276
IYZYIIIIIIIIIIII,0.04507423816480694
IXZXIIIIIIIIIIII,0.04507423816480694
IYZZZZZZZZZYIIII,0.044155775220229815
IXZZZZZZZZZXIIII,0.044155775220229815
IIZIIIIIIIIIIIII,0.264345269672079
IIYZZZZZZZYIIIII,-0.05761685669524949
IIXZZZZZZZXIIIII,-0.05761685669524949
IIIZIIIIIIIIIIII,0.2643452696720793
IIIYZZZZZZZYIIII,-0.05761685669524952
IIIXZZZZZZZXIIII,-0.05761685669524952
IIIIZIIIIIIIIIII,0.16021646023483999
IIIIYZZZZZZZYIII,-0.03757203719442118
IIIIXZZZZZZZXIII,-0.03757203719442118
IIIIYZZZZZZZZZYI,-0.01577853695044657
IIIIXZZZZZZZZZXI,-0.01577853695044657
IIIIIZIIIIIIIIII,0.16021646023484015
IIIIIYZZZZZZZYII,-0.03757203719442118
IIIIIXZZZZZZZXII,-0.03757203719442118
IIIIIYZZZZZZZZZY,-0.01577853695044656
IIIIIXZZZZZZZZZX,-0.01577853695044656
IIIIIIZIIIIIIIII,0.1602164602348395
IIIIIIYZZZZZYIII,0.015778536950446752
IIIIIIXZZZZZXIII,0.015778536950446752
IIIIIIYZZZZZZZYI,-0.03757203719442144
IIIIIIXZZZZZZZXI,-0.03757203719442144
IIIIIIIZIIIIIIII,0.1602164602348395
IIIIIIIYZZZZZYII,0.015778536950446745
IIIIIIIXZZZZZXII,0.015778536950446745
IIIIIIIYZZZZZZZY,-0.03757203719442141
IIIIIIIXZZZZZZZX,-0.03757203719442141
IIIIIIIIZIIIIIII,0.058626036713023855
IIIIIIIIIZIIIIII,0.05862603671302375
IIIIIIIIIIZIIIII,-0.171744354110432
IIIIIIIIIIIZIIII,-0.17174435411043226
IIIIIIIIIIIIZIII,-0.1935768104961963
IIIIIIIIIIIIIZII,-0.19357681049619632
IIIIIIIIIIIIIIZI,-0.19357681049619688
IIIIIIIIIIIIIIIZ,-0.1935768104961969
ZZIIIIIIIIIIIIII,0.721438597369172
YIYIIIIIIIIIIIII,0.06278317349427848
XIXIIIIIIIIIIIII,0.06278317349427848
YIZZZZZZZZYIIIII,0.06930085263662498
XIZZZZZZZZXIIIII,0.06930085263662498
ZYZYIIIIIIIIIIII,0.06278317349427848
ZXZXIIIIIIIIIIII,0.06278317349427848
YXXYIIIIIIIIIIII,0.008531582686507002
YYXXIIIIIIIIIIII,-0.008531582686507002
XXYYIIIIIIIIIIII,-0.008531582686507002
XYYXIIIIIIIIIIII,0.008531582686507002
YXIXZZZZZZYIIIII,-0.009662799061873685
YYIYZZZZZZYIIIII,-0.009662799061873685
XXIXZZZZZZXIIIII,-0.009662799061873685
XYIYZZZZZZXIIIII,-0.009662799061873685
YXIIXYIIIIIIIIII,0.0018852607093469958
YYIIXXIIIIIIIIII,-0.0018852607093469958
XXIIYYIIIIIIIIII,-0.0018852607093469958
XYIIYXIIIIIIIIII,0.0018852607093469958
YXIIIXZZZZZZYIII,-0.0030422143104068713
YYIIIYZZZZZZYIII,-0.0030422143104068713
XXIIIXZZZZZZXIII,-0.0030422143104068713
XYIIIYZZZZZZXIII,-0.0030422143104068713
YXIIIXZZZZZZZZYI,-0.0012775908492675527
YYIIIYZZZZZZZZYI,-0.0012775908492675527
XXIIIXZZZZZZZZXI,-0.0012775908492675527
XYIIIYZZZZZZZZXI,-0.0012775908492675527
YXIIIIXYIIIIIIII,0.0018852607093469787
YYIIIIXXIIIIIIII,-0.0018852607093469787
XXIIIIYYIIIIIIII,-0.0018852607093469787
XYIIIIYXIIIIIIII,0.0018852607093469787
YXIIIIIXZZZZYIII,0.001277590849267547
YYIIIIIYZZZZYIII,0.001277590849267547
XXIIIIIXZZZZXIII,0.001277590849267547
XYIIIIIYZZZZXIII,0.001277590849267547
YXIIIIIXZZZZZZYI,-0.0030422143104068605
YYIIIIIYZZZZZZYI,-0.0030422143104068605
XXIIIIIXZZZZZZXI,-0.0030422143104068605
XYIIIIIYZZZZZZXI,-0.0030422143104068605
YXIIIIIIXYIIIIII,0.0054794981606307615
YYIIIIIIXXIIIIII,-0.0054794981606307615
XXIIIIIIYYIIIIII,-0.0054794981606307615
XYIIIIIIYXIIIIII,0.0054794981606307615
ZYZZZZZZZZZYIIII,0.06930085263662498
ZXZZZZZZZZZXIIII,0.06930085263662498
YXXZZZZZZZZYIIII,0.009662799061873685
YYXZZZZZZZZXIIII,-0.009662799061873685
XXYZZZZZZZZYIIII,-0.009662799061873685
XYYZZZZZZZZXIIII,0.009662799061873685
YXIIIIIIIIXYIIII,0.01097988943241039
YYIIIIIIIIXXIIII,-0.01097988943241039
XXIIIIIIIIYYIIII,-0.01097988943241039
XYIIIIIIIIYXIIII,0.01097988943241039
YXIIXZZZZZZZZYII,0.0030422143104068713
YYIIXZZZZZZZZXII,-0.0030422143104068713
XXIIYZZZZZZZZYII,-0.0030422143104068713
XYIIYZZZZZZZZXII,0.0030422143104068713
YXIIIIXZZZZZZYII,-0.001277590849267547
YYIIIIXZZZZZZXII,0.001277590849267547
XXIIIIYZZZZZZYII,0.001277590849267547
XYIIIIYZZZZZZXII,-0.001277590849267547
YXIIIIIIIIIIXYII,0.005837085287070474
YYIIIIIIIIIIXXII,-0.005837085287070474
XXIIIIIIIIIIYYII,-0.005837085287070474
XYIIIIIIIIIIYXII,0.005837085287070474
YXIIXZZZZZZZZZZY,0.0012775908492675527
YYIIXZZZZZZZZZZX,-0.0012775908492675527
XXIIYZZZZZZZZZZY,-0.0012775908492675527
XYIIYZZZZZZZZZZX,0.0012775908492675527
YXIIIIXZZZZZZZZY,0.0030422143104068605
YYIIIIXZZZZZZZZX,-0.0030422143104068605
XXIIIIYZZZZZZZZY,-0.0030422143104068605
XYIIIIYZZZZZZZZX,0.0030422143104068605
YXIIIIIIIIIIIIXY,0.0058370852870704825
YYIIIIIIIIIIIIXX,-0.0058370852870704825
XXIIIIIIIIIIIIYY,-0.0058370852870704825
XYIIIIIIIIIIIIYX,0.0058370852870704825
ZIZIIIIIIIIIIIII,0.14203722219401665
ZIYZZZZZZZYIIIII,-0.044055084280896904
ZIXZZZZZZZXIIIII,-0.044055084280896904
YZIZZZZZZZYIIIII,-0.00018833053530497006
XZIZZZZZZZXIIIII,-0.00018833053530497006
YZXIXZZZZZZZYIII,-0.0027467525898795214
YZYIYZZZZZZZYIII,-0.005799833182381781
YZYIXZZZZZZZXIII,-0.0030530805925022583
XZXIYZZZZZZZYIII,-0.0030530805925022583
XZXIXZZZZZZZXIII,-0.005799833182381781
XZYIYZZZZZZZXIII,-0.0027467525898795214
YZXIXZZZZZZZZZYI,-0.00115351044205781
YZYIYZZZZZZZZZYI,-0.0024356646327451763
YZYIXZZZZZZZZZXI,-0.0012821541906873665
XZXIYZZZZZZZZZYI,-0.0012821541906873665
XZXIXZZZZZZZZZXI,-0.0024356646327451763
XZYIYZZZZZZZZZXI,-0.00115351044205781
YZXIIIXZZZZZYIII,0.0011535104420578117
YZYIIIYZZZZZYIII,0.0024356646327451737
YZYIIIXZZZZZXIII,0.0012821541906873624
XZXIIIYZZZZZYIII,0.0012821541906873624
XZXIIIXZZZZZXIII,0.0024356646327451737
XZYIIIYZZZZZXIII,0.0011535104420578117
YZXIIIXZZZZZZZYI,-0.0027467525898795192
YZYIIIYZZZZZZZYI,-0.005799833182381773
YZYIIIXZZZZZZZXI,-0.0030530805925022535
XZXIIIYZZZZZZZYI,-0.0030530805925022535
XZXIIIXZZZZZZZXI,-0.005799833182381773
XZYIIIYZZZZZZZXI,-0.0027467525898795192
ZIIZIIIIIIIIIIII,0.15056880488052365
YZYZIIIIIIIIIIII,0.0021529357489629905
XZXZIIIIIIIIIIII,0.0021529357489629905
YZZIZZZZZZYIIIII,0.0021941135826384767
XZZIZZZZZZXIIIII,0.0021941135826384767
YZZXXYIIIIIIIIII,0.00324838244061653
YZZYXXIIIIIIIIII,-0.00324838244061653
XZZXYYIIIIIIIIII,-0.00324838244061653
XZZYYXIIIIIIIIII,0.00324838244061653
YZZXIXZZZZZZYIII,-0.004529269137269378
YZZYIYZZZZZZYIII,-0.004529269137269378
XZZXIXZZZZZZXIII,-0.004529269137269378
XZZYIYZZZZZZXIII,-0.004529269137269378
YZZXIXZZZZZZZZYI,-0.0019020858536660397
YZZYIYZZZZZZZZYI,-0.0019020858536660397
XZZXIXZZZZZZZZXI,-0.0019020858536660397
XZZYIYZZZZZZZZXI,-0.0019020858536660397
YZZXIIXYIIIIIIII,0.00324838244061651
YZZYIIXXIIIIIIII,-0.00324838244061651
XZZXIIYYIIIIIIII,-0.00324838244061651
XZZYIIYXIIIIIIII,0.00324838244061651
YZZXIIIXZZZZYIII,0.001902085853666041
YZZYIIIYZZZZYIII,0.001902085853666041
XZZXIIIXZZZZXIII,0.001902085853666041
XZZYIIIYZZZZXIII,0.001902085853666041
YZZXIIIXZZZZZZYI,-0.004529269137269373
YZZYIIIYZZZZZZYI,-0.004529269137269373
XZZXIIIXZZZZZZXI,-0.004529269137269373
XZZYIIIYZZZZZZXI,-0.004529269137269373
YZZXIIIIXYIIIIII,0.005334155483612156
YZZYIIIIXXIIIIII,-0.005334155483612156
XZZXIIIIYYIIIIII,-0.005334155483612156
XZZYIIIIYXIIIIII,0.005334155483612156
ZIIYZZZZZZZYIIII,-0.053717883342770584
ZIIXZZZZZZZXIIII,-0.053717883342770584
YZYYZZZZZZZYIIII,-0.0023824441179434467
YZYXZZZZZZZXIIII,-0.0023824441179434467
XZXYZZZZZZZYIIII,-0.0023824441179434467
XZXXZZZZZZZXIIII,-0.0023824441179434467
YZZXIIIIIIXYIIII,-0.002370731812805568
YZZYIIIIIIXXIIII,0.002370731812805568
XZZXIIIIIIYYIIII,0.002370731812805568
XZZYIIIIIIYXIIII,-0.002370731812805568
YZZXXZZZZZZZZYII,0.0017825165473898561
YZZYXZZZZZZZZXII,-0.0017825165473898561
XZZXYZZZZZZZZYII,-0.0017825165473898561
XZZYYZZZZZZZZXII,0.0017825165473898561
YZZXIIXZZZZZZYII,-0.0007485754116082293
YZZYIIXZZZZZZXII,0.0007485754116082293
XZZXIIYZZZZZZYII,0.0007485754116082293
XZZYIIYZZZZZZXII,-0.0007485754116082293
YZZXIIIIIIIIXYII,0.0032465038152137745
YZZYIIIIIIIIXXII,-0.0032465038152137745
XZZXIIIIIIIIYYII,-0.0032465038152137745
XZZYIIIIIIIIYXII,0.0032465038152137745
YZZXXZZZZZZZZZZY,0.0007485754116082297
YZZYXZZZZZZZZZZX,-0.0007485754116082297
XZZXYZZZZZZZZZZY,-0.0007485754116082297
XZZYYZZZZZZZZZZX,0.0007485754116082297
YZZXIIXZZZZZZZZY,0.0017825165473898533
YZZYIIXZZZZZZZZX,-0.0017825165473898533
XZZXIIYZZZZZZZZY,-0.0017825165473898533
XZZYIIYZZZZZZZZX,0.0017825165473898533
YZZXIIIIIIIIIIXY,0.0032465038152137814
YZZYIIIIIIIIIIXX,-0.0032465038152137814
XZZXIIIIIIIIIIYY,-0.0032465038152137814
XZZYIIIIIIIIIIYX,0.0032465038152137814
ZIIIZIIIIIIIIIII,0.1345232405181724
ZIIIYZZZZZZZYIII,-0.04377426169179427
ZIIIXZZZZZZZXIII,-0.04377426169179427
ZIIIYZZZZZZZZZYI,-0.018383187528757575
ZIIIXZZZZZZZZZXI,-0.018383187528757575
YZYIZIIIIIIIIIII,0.004174352134024513
XZXIZIIIIIIIIIII,0.004174352134024513
YZZZIZZZZZYIIIII,0.0017095162122574043
XZZZIZZZZZXIIIII,0.0017095162122574043
YZZZIZZZZZZZYIII,-0.0019538953789044193
XZZZIZZZZZZZXIII,-0.0019538953789044193
YZZZIZZZZZZZZZYI,-0.0009523513310387797
XZZZIZZZZZZZZZXI,-0.0009523513310387797
YZZZXIXZZZZZYIII,-0.0009523513310387304
YZZZYIYZZZZZYIII,-0.0009523513310387337
XZZZXIXZZZZZXIII,-0.0009523513310387337
XZZZYIYZZZZZXIII,-0.0009523513310387304
YZZZXIXZZZZZZZYI,0.001953895378904396
YZZZYIYZZZZZZZYI,0.0019538953789043946
XZZZXIXZZZZZZZXI,0.0019538953789043946
XZZZYIYZZZZZZZXI,0.001953895378904396
YZZZXIIIIIXZYIII,-0.0025521988295996016
YZZZYIIIIIYZYIII,0.001634093479952048
YZZZYIIIIIXZXIII,0.004186292309551651
XZZZXIIIIIYZYIII,0.004186292309551651
XZZZXIIIIIXZXIII,0.001634093479952048
XZZZYIIIIIYZXIII,-0.0025521988295996016
YZZZXIIIIIXZZZYI,-0.0010718067622828744
YZZZYIIIIIYZZZYI,0.0006862445126540838
YZZZYIIIIIXZZZXI,0.0017580512749369585
XZZZXIIIIIYZZZYI,0.0017580512749369585
XZZZXIIIIIXZZZXI,0.0006862445126540838
XZZZYIIIIIYZZZXI,-0.0010718067622828744
ZIIIIZIIIIIIIIII,0.13640850122751938
YZYIIZIIIIIIIIII,0.0009259696934079824
XZXIIZIIIIIIIIII,0.0009259696934079824
YZZZYZIIIIIIIIII,-0.0010331001116787887
XZZZXZIIIIIIIIII,-0.0010331001116787887
YZZZZIYIIIIIIIII,-5.784906130543248e-05
XZZZZIXIIIIIIIII,-5.784906130543248e-05
YZZZZIZZZZYIIIII,0.0008857042466362414
XZZZZIZZZZXIIIII,0.0008857042466362414
YZZZZIZZZZZZYIII,-0.0012087311687980825
XZZZZIZZZZZZXIII,-0.0012087311687980825
YZZZZIZZZZZZZZYI,-0.0005891496289419386
XZZZZIZZZZZZZZXI,-0.0005891496289419386
YZZZYYZYIIIIIIII,5.7849061305428244e-05
YZZZYXZXIIIIIIII,5.7849061305428244e-05
XZZZXYZYIIIIIIII,5.7849061305428244e-05
XZZZXXZXIIIIIIII,5.7849061305428244e-05
YZZZZXXYIIIIIIII,-0.0010331001116787879
YZZZZYXXIIIIIIII,0.0010331001116787879
XZZZZXYYIIIIIIII,0.0010331001116787879
XZZZZYYXIIIIIIII,-0.0010331001116787879
YZZZZXIXZZZZYIII,-0.0005891496289419148
YZZZZYIYZZZZYIII,-0.0005891496289419148
XZZZZXIXZZZZXIII,-0.0005891496289419148
XZZZZYIYZZZZXIII,-0.0005891496289419148
YZZZZXIXZZZZZZYI,0.0012087311687980766
YZZZZYIYZZZZZZYI,0.0012087311687980766
XZZZZXIXZZZZZZXI,0.0012087311687980766
XZZZZYIYZZZZZZXI,0.0012087311687980766
YZZZYYZZZZZYIIII,0.0008238119656211629
YZZZYXZZZZZXIIII,0.0008238119656211629
XZZZXYZZZZZYIIII,0.0008238119656211629
XZZZXXZZZZZXIIII,0.0008238119656211629
YZZZZXIIIIIXYIII,-0.001386532072560264
YZZZZYIIIIIYYIII,-0.001386532072560264
XZZZZXIIIIIXXIII,-0.001386532072560264
XZZZZYIIIIIYXIII,-0.001386532072560264
YZZZZXIIIIIXZZYI,-0.0005822800458400746
YZZZZYIIIIIYZZYI,-0.0005822800458400746
XZZZZXIIIIIXZZXI,-0.0005822800458400746
XZZZZYIIIIIYZZXI,-0.0005822800458400746
ZIIIIYZZZZZZZYII,-0.04681647600220114
ZIIIIXZZZZZZZXII,-0.04681647600220114
YZYIIYZZZZZZZYII,-0.0012705640451124026
YZYIIXZZZZZZZXII,-0.0012705640451124026
XZXIIYZZZZZZZYII,-0.0012705640451124026
XZXIIXZZZZZZZXII,-0.0012705640451124026
YZZZYYZZZZZZZYII,-0.0007451642101063369
YZZZYXZZZZZZZXII,-0.0007451642101063369
XZZZXYZZZZZZZYII,-0.0007451642101063369
XZZZXXZZZZZZZXII,-0.0007451642101063369
YZZZZXXZZZZZZYII,-0.00036320170209681554
YZZZZYXZZZZZZXII,0.00036320170209681554
XZZZZXYZZZZZZYII,0.00036320170209681554
XZZZZYYZZZZZZXII,-0.00036320170209681554
YZZZZXIIIIXZZYII,-0.0011656667570393384
YZZZZYIIIIXZZXII,0.0011656667570393384
XZZZZXIIIIYZZYII,0.0011656667570393384
XZZZZYIIIIYZZXII,-0.0011656667570393384
YZZZZXIIIIIIXYII,-0.0009022439573321828
YZZZZYIIIIIIXXII,0.0009022439573321828
XZZZZXIIIIIIYYII,0.0009022439573321828
XZZZZYIIIIIIYXII,-0.0009022439573321828
YZZZZXIIIIIIIXYI,0.001029367157527133
YZZZZYIIIIIIIYYI,0.001029367157527133
XZZZZXIIIIIIIXXI,0.001029367157527133
XZZZZYIIIIIIIYXI,0.001029367157527133
ZIIIIYZZZZZZZZZY,-0.01966077837802513
ZIIIIXZZZZZZZZZX,-0.01966077837802513
YZYIIYZZZZZZZZZY,-0.0005335787790791368
YZYIIXZZZZZZZZZX,-0.0005335787790791368
XZXIIYZZZZZZZZZY,-0.0005335787790791368
XZXIIXZZZZZZZZZX,-0.0005335787790791368
YZZZYYZZZZZZZZZY,-0.000363201702096841
YZZZYXZZZZZZZZZX,-0.000363201702096841
XZZZXYZZZZZZZZZY,-0.000363201702096841
XZZZXXZZZZZZZZZX,-0.000363201702096841
YZZZZXXZZZZZZZZY,0.0007451642101063186
YZZZZYXZZZZZZZZX,-0.0007451642101063186
XZZZZXYZZZZZZZZY,-0.0007451642101063186
XZZZZYYZZZZZZZZX,0.0007451642101063186
YZZZZXIIIIXZZZZY,-0.0004895267164427998
YZZZZYIIIIXZZZZX,0.0004895267164427998
XZZZZXIIIIYZZZZY,0.0004895267164427998
XZZZZYIIIIYZZZZX,-0.0004895267164427998
YZZZZXIIIIIIXZZY,-0.0010293671575271834
YZZZZYIIIIIIXZZX,0.0010293671575271834
XZZZZXIIIIIIYZZY,0.0010293671575271834
XZZZZYIIIIIIYZZX,-0.0010293671575271834
YZZZZXIIIIIIIIXY,0.0009022439573321739
YZZZZYIIIIIIIIXX,-0.0009022439573321739
XZZZZXIIIIIIIIYY,-0.0009022439573321739
XZZZZYIIIIIIIIYX,0.0009022439573321739
ZIIIIIZIIIIIIIII,0.13452324051817205
ZIIIIIYZZZZZYIII,0.018383187528757557
ZIIIIIXZZZZZXIII,0.018383187528757557
ZIIIIIYZZZZZZZYI,-0.04377426169179413
ZIIIIIXZZZZZZZXI,-0.04377426169179413
YZYIIIZIIIIIIIII,0.004174352134024489
XZXIIIZIIIIIIIII,0.004174352134024489
YZZZZZIZZZYIIIII,0.0017095162122574934
XZZZZZIZZZXIIIII,0.0017095162122574934
YZZZZZIZZZZZYIII,0.0019538953789043647
XZZZZZIZZZZZXIII,0.0019538953789043647
YZZZZZIZZZZZZZYI,0.0009523513310387007
XZZZZZIZZZZZZZXI,0.0009523513310387007
YZZZZZXIIIXZYIII,0.001071806762282867
YZZZZZYIIIYZYIII,-0.0006862445126541003
YZZZZZYIIIXZXIII,-0.0017580512749369678
XZZZZZXIIIYZYIII,-0.0017580512749369678
XZZZZZXIIIXZXIII,-0.0006862445126541003
XZZZZZYIIIYZXIII,0.001071806762282867
YZZZZZXIIIXZZZYI,-0.0025521988295995972
YZZZZZYIIIYZZZYI,0.0016340934799519864
YZZZZZYIIIXZZZXI,0.004186292309551582
XZZZZZXIIIYZZZYI,0.004186292309551582
XZZZZZXIIIXZZZXI,0.0016340934799519864
XZZZZZYIIIYZZZXI,-0.0025521988295995972
ZIIIIIIZIIIIIIII,0.13640850122751902
YZYIIIIZIIIIIIII,0.0009259696934079784
XZXIIIIZIIIIIIII,0.0009259696934079784
YZZZYIIZIIIIIIII,0.0010331001116787933
XZZZXIIZIIIIIIII,0.0010331001116787933
YZZZZZYZIIIIIIII,5.784906130543616e-05
XZZZZZXZIIIIIIII,5.784906130543616e-05
YZZZZZZIZZYIIIII,0.0008857042466363034
XZZZZZZIZZXIIIII,0.0008857042466363034
YZZZZZZIZZZZYIII,0.0012087311687980573
XZZZZZZIZZZZXIII,0.0012087311687980573
YZZZZZZIZZZZZZYI,0.0005891496289419033
XZZZZZZIZZZZZZXI,0.0005891496289419033
YZZZZZYYZZZYIIII,0.0008238119656211905
YZZZZZYXZZZXIIII,0.0008238119656211905
XZZZZZXYZZZYIIII,0.0008238119656211905
XZZZZZXXZZZXIIII,0.0008238119656211905
YZZZZZZXIIIXYIII,0.000582280045840051
YZZZZZZYIIIYYIII,0.000582280045840051
XZZZZZZXIIIXXIII,0.000582280045840051
XZZZZZZYIIIYXIII,0.000582280045840051
YZZZZZZXIIIXZZYI,-0.0013865320725603306
YZZZZZZYIIIYZZYI,-0.0013865320725603306
XZZZZZZXIIIXZZXI,-0.0013865320725603306
XZZZZZZYIIIYZZXI,-0.0013865320725603306
ZIIIIIIYZZZZZYII,0.019660778378025105
ZIIIIIIXZZZZZXII,0.019660778378025105
YZYIIIIYZZZZZYII,0.0005335787790791331
YZYIIIIXZZZZZXII,0.0005335787790791331
XZXIIIIYZZZZZYII,0.0005335787790791331
XZXIIIIXZZZZZXII,0.0005335787790791331
YZZZYIIYZZZZZYII,-0.000363201702096819
YZZZYIIXZZZZZXII,-0.000363201702096819
XZZZXIIYZZZZZYII,-0.000363201702096819
XZZZXIIXZZZZZXII,-0.000363201702096819
YZZZZZYYZZZZZYII,0.0007451642101063076
YZZZZZYXZZZZZXII,0.0007451642101063076
XZZZZZXYZZZZZYII,0.0007451642101063076
XZZZZZXXZZZZZXII,0.0007451642101063076
YZZZZZZXIIXZZYII,0.0004895267164428161
YZZZZZZYIIXZZXII,-0.0004895267164428161
XZZZZZZXIIYZZYII,-0.0004895267164428161
XZZZZZZYIIYZZXII,0.0004895267164428161
YZZZZZZXIIIIXYII,-0.0010293671575271589
YZZZZZZYIIIIXXII,0.0010293671575271589
XZZZZZZXIIIIYYII,0.0010293671575271589
XZZZZZZYIIIIYXII,-0.0010293671575271589
YZZZZZZXIIIIIXYI,-0.0009022439573321493
YZZZZZZYIIIIIYYI,-0.0009022439573321493
XZZZZZZXIIIIIXXI,-0.0009022439573321493
XZZZZZZYIIIIIYXI,-0.0009022439573321493
ZIIIIIIYZZZZZZZY,-0.046816476002200985
ZIIIIIIXZZZZZZZX,-0.046816476002200985
YZYIIIIYZZZZZZZY,-0.0012705640451123996
YZYIIIIXZZZZZZZX,-0.0012705640451123996
XZXIIIIYZZZZZZZY,-0.0012705640451123996
XZXIIIIXZZZZZZZX,-0.0012705640451123996
YZZZYIIYZZZZZZZY,0.0007451642101063182
YZZZYIIXZZZZZZZX,0.0007451642101063182
XZZZXIIYZZZZZZZY,0.0007451642101063182
XZZZXIIXZZZZZZZX,0.0007451642101063182
YZZZZZYYZZZZZZZY,0.00036320170209679754
YZZZZZYXZZZZZZZX,0.00036320170209679754
XZZZZZXYZZZZZZZY,0.00036320170209679754
XZZZZZXXZZZZZZZX,0.00036320170209679754
YZZZZZZXIIXZZZZY,-0.0011656667570392656
YZZZZZZYIIXZZZZX,0.0011656667570392656
XZZZZZZXIIYZZZZY,0.0011656667570392656
XZZZZZZYIIYZZZZX,-0.0011656667570392656
YZZZZZZXIIIIXZZY,0.000902243957332211
YZZZZZZYIIIIXZZX,-0.000902243957332211
XZZZZZZXIIIIYZZY,-0.000902243957332211
XZZZZZZYIIIIYZZX,0.000902243957332211
YZZZZZZXIIIIIIXY,0.0010293671575271474
YZZZZZZYIIIIIIXX,-0.0010293671575271474
XZZZZZZXIIIIIIYY,-0.0010293671575271474
XZZZZZZYIIIIIIYX,0.0010293671575271474
ZIIIIIIIZIIIIIII,0.18000443880399122
YZYIIIIIZIIIIIII,0.007794841734834795
XZXIIIIIZIIIIIII,0.007794841734834795
YZZZZZZZIZYIIIII,0.007866399464735163
XZZZZZZZIZXIIIII,0.007866399464735163
ZIIIIIIIIZIIIIII,0.18548393696462198
YZYIIIIIIZIIIIII,0.00246068625122264
XZXIIIIIIZIIIIII,0.00246068625122264
YZZZZZZZZIYIIIII,0.0019129594752442017
XZZZZZZZZIXIIIII,0.0019129594752442017
YZZZZZZZYYZYIIII,0.005953439989490961
YZZZZZZZYXZXIIII,0.005953439989490961
XZZZZZZZXYZYIIII,0.005953439989490961
XZZZZZZZXXZXIIII,0.005953439989490961
ZIIIIIIIIIZIIIII,0.14393830462102888
YZYIIIIIIIZIIIII,0.0005164602316110244
XZXIIIIIIIZIIIII,0.0005164602316110244
ZIIIIIIIIIIZIIII,0.15491819405343926
YZYIIIIIIIIZIIII,0.002887192044416593
XZXIIIIIIIIZIIII,0.002887192044416593
YZZZZZZZZZYZIIII,0.002877100618641851
XZZZZZZZZZXZIIII,0.002877100618641851
YZZZYIIIIIIYZYII,0.0030206255525123127
YZZZYIIIIIIXZXII,0.0030206255525123127
XZZZXIIIIIIYZYII,0.0030206255525123127
XZZZXIIIIIIXZXII,0.0030206255525123127
YZZZZZYIIIIYZYII,-0.0012685245584941514
YZZZZZYIIIIXZXII,-0.0012685245584941514
XZZZZZXIIIIYZYII,-0.0012685245584941514
XZZZZZXIIIIXZXII,-0.0012685245584941514
YZZZZZZZZZZXXYII,0.005181857407311923
YZZZZZZZZZZYXXII,-0.005181857407311923
XZZZZZZZZZZXYYII,-0.005181857407311923
XZZZZZZZZZZYYXII,0.005181857407311923
YZZZYIIIIIIYZZZY,0.0012685245584941585
YZZZYIIIIIIXZZZX,0.0012685245584941585
XZZZXIIIIIIYZZZY,0.0012685245584941585
XZZZXIIIIIIXZZZX,0.0012685245584941585
YZZZZZYIIIIYZZZY,0.0030206255525123166
YZZZZZYIIIIXZZZX,0.0030206255525123166
XZZZZZXIIIIYZZZY,0.0030206255525123166
XZZZZZXIIIIXZZZX,0.0030206255525123166
YZZZZZZZZZZXIIXY,0.005181857407311963
YZZZZZZZZZZYIIXX,-0.005181857407311963
XZZZZZZZZZZXIIYY,-0.005181857407311963
XZZZZZZZZZZYIIYX,0.005181857407311963
ZIIIIIIIIIIIZIII,0.1649735090919333
YZYIIIIIIIIIZIII,0.00572408493129075
XZXIIIIIIIIIZIII,0.00572408493129075
YZZZYIIIIIIIZIII,-0.0007537383536206993
XZZZXIIIIIIIZIII,-0.0007537383536206993
YZZZYIIIIIIIYZYI,0.0008599376036608552
YZZZYIIIIIIIXZXI,0.0008599376036608933
XZZZXIIIIIIIYZYI,0.0008599376036608933
XZZZXIIIIIIIXZXI,0.0008599376036608552
YZZZZZYIIIIIZIII,-0.0008599376036610086
XZZZZZXIIIIIZIII,-0.0008599376036610086
YZZZZZYIIIIIYZYI,-0.0007537383536207683
YZZZZZYIIIIIXZXI,-0.0007537383536208158
XZZZZZXIIIIIYZYI,-0.0007537383536208158
XZZZZZXIIIIIXZXI,-0.0007537383536207683
YZZZZZZZZZYIZIII,0.007512139251492172
XZZZZZZZZZXIZIII,0.007512139251492172
ZIIIIIIIIIIIIZII,0.1708105943790038
YZYIIIIIIIIIIZII,0.0024775811160769757
XZXIIIIIIIIIIZII,0.0024775811160769757
YZZZYIIIIIIIIZII,0.00014850560371148342
XZZZXIIIIIIIIZII,0.00014850560371148342
YZZZZZYIIIIIIZII,0.00016942955386615018
XZZZZZXIIIIIIZII,0.00016942955386615018
YZZZZZZZZZYIIZII,0.002330281844180249
XZZZZZZZZZXIIZII,0.002330281844180249
YZZZZZZZZZZZYZII,0.00020132124883799493
XZZZZZZZZZZZXZII,0.00020132124883799493
YZZZZZZZZZZZZIYI,0.0006032774068842493
XZZZZZZZZZZZZIXI,0.0006032774068842493
YZZZYIIIIIIIIYZY,-0.00016942955386628407
YZZZYIIIIIIIIXZX,-0.00016942955386628407
XZZZXIIIIIIIIYZY,-0.00016942955386628407
XZZZXIIIIIIIIXZX,-0.00016942955386628407
YZZZZZYIIIIIIYZY,0.00014850560371138796
YZZZZZYIIIIIIXZX,0.00014850560371138796
XZZZZZXIIIIIIYZY,0.00014850560371138796
XZZZZZXIIIIIIXZX,0.00014850560371138796
YZZZZZZZZZZZYYZY,-0.0006032774068844401
YZZZZZZZZZZZYXZX,-0.0006032774068844401
XZZZZZZZZZZZXYZY,-0.0006032774068844401
XZZZZZZZZZZZXXZX,-0.0006032774068844401
YZZZZZZZZZZZZXXY,0.00020132124883782965
YZZZZZZZZZZZZYXX,-0.00020132124883782965
XZZZZZZZZZZZZXYY,-0.00020132124883782965
XZZZZZZZZZZZZYYX,0.00020132124883782965
ZIIIIIIIIIIIIIZI,0.1649735090919333
YZYIIIIIIIIIIIZI,0.005724084931290744
XZXIIIIIIIIIIIZI,0.005724084931290744
YZZZYIIIIIIIIIZI,0.0007537383536208421
XZZZXIIIIIIIIIZI,0.0007537383536208421
YZZZZZYIIIIIIIZI,0.0008599376036611095
XZZZZZXIIIIIIIZI,0.0008599376036611095
YZZZZZZZZZYIIIZI,0.007512139251492164
XZZZZZZZZZXIIIZI,0.007512139251492164
ZIIIIIIIIIIIIIIZ,0.1708105943790038
YZYIIIIIIIIIIIIZ,0.0024775811160769627
XZXIIIIIIIIIIIIZ,0.0024775811160769627
YZZZYIIIIIIIIIIZ,-0.00014850560371133182
XZZZXIIIIIIIIIIZ,-0.00014850560371133182
YZZZZZYIIIIIIIIZ,-0.000169429553866038
XZZZZZXIIIIIIIIZ,-0.000169429553866038
YZZZZZZZZZYIIIIZ,0.0023302818441802015
XZZZZZZZZZXIIIIZ,0.0023302818441802015
YZZZZZZZZZZZYIIZ,-0.0002013212488379402
XZZZZZZZZZZZXIIZ,-0.0002013212488379402
YZZZZZZZZZZZZZYZ,-0.0006032774068841072
XZZZZZZZZZZZZZXZ,-0.0006032774068841072
IZZIIIIIIIIIIIII,0.15056880488052365
IYIYIIIIIIIIIIII,0.0021529357489629905
IXIXIIIIIIIIIIII,0.0021529357489629905
IYIZZZZZZZZYIIII,0.0021941135826384767
IXIZZZZZZZZXIIII,0.0021941135826384767
IYXIXYIIIIIIIIII,-0.00324838244061653
IYYIYYIIIIIIIIII,-0.00324838244061653
IXXIXXIIIIIIIIII,-0.00324838244061653
IXYIYXIIIIIIIIII,-0.00324838244061653
IYXIXZZZZZZZZYII,-0.004529269137269378
IYYIYZZZZZZZZYII,-0.004529269137269378
IXXIXZZZZZZZZXII,-0.004529269137269378
IXYIYZZZZZZZZXII,-0.004529269137269378
IYXIXZZZZZZZZZZY,-0.0019020858536660397
IYYIYZZZZZZZZZZY,-0.0019020858536660397
IXXIXZZZZZZZZZZX,-0.0019020858536660397
IXYIYZZZZZZZZZZX,-0.0019020858536660397
IYXIIIXYIIIIIIII,-0.00324838244061651
IYYIIIYYIIIIIIII,-0.00324838244061651
IXXIIIXXIIIIIIII,-0.00324838244061651
IXYIIIYXIIIIIIII,-0.00324838244061651
IYXIIIXZZZZZZYII,0.001902085853666041
IYYIIIYZZZZZZYII,0.001902085853666041
IXXIIIXZZZZZZXII,0.001902085853666041
IXYIIIYZZZZZZXII,0.001902085853666041
IYXIIIXZZZZZZZZY,-0.004529269137269373
IYYIIIYZZZZZZZZY,-0.004529269137269373
IXXIIIXZZZZZZZZX,-0.004529269137269373
IXYIIIYZZZZZZZZX,-0.004529269137269373
IYXIIIIIXYIIIIII,-0.005334155483612156
IYYIIIIIYYIIIIII,-0.005334155483612156
IXXIIIIIXXIIIIII,-0.005334155483612156
IXYIIIIIYXIIIIII,-0.005334155483612156
IZYZZZZZZZYIIIII,-0.053717883342770584
IZXZZZZZZZXIIIII,-0.053717883342770584
IYXXZZZZZZYIIIII,-0.0023824441179434467
IYYXZZZZZZXIIIII,0.0023824441179434467
IXXYZZZZZZYIIIII,0.0023824441179434467
IXYYZZZZZZXIIIII,-0.0023824441179434467
IYXIIIIIIIXYIIII,0.0023707318128055686
IYYIIIIIIIYYIIII,0.0023707318128055686
IXXIIIIIIIXXIIII,0.0023707318128055686
IXYIIIIIIIYXIIII,0.0023707318128055686
IYXIIXZZZZZZYIII,0.0017825165473898561
IYYIIXZZZZZZXIII,-0.0017825165473898561
IXXIIYZZZZZZYIII,-0.0017825165473898561
IXYIIYZZZZZZXIII,0.0017825165473898561
IYXIIIIXZZZZYIII,-0.0007485754116082293
IYYIIIIXZZZZXIII,0.0007485754116082293
IXXIIIIYZZZZYIII,0.0007485754116082293
IXYIIIIYZZZZXIII,-0.0007485754116082293
IYXIIIIIIIIIXYII,-0.003246503815213774
IYYIIIIIIIIIYYII,-0.003246503815213774
IXXIIIIIIIIIXXII,-0.003246503815213774
IXYIIIIIIIIIYXII,-0.003246503815213774
IYXIIXZZZZZZZZYI,0.0007485754116082297
IYYIIXZZZZZZZZXI,-0.0007485754116082297
IXXIIYZZZZZZZZYI,-0.0007485754116082297
IXYIIYZZZZZZZZXI,0.0007485754116082297
IYXIIIIXZZZZZZYI,0.0017825165473898533
IYYIIIIXZZZZZZXI,-0.0017825165473898533
IXXIIIIYZZZZZZYI,-0.0017825165473898533
IXYIIIIYZZZZZZXI,0.0017825165473898533
IYXIIIIIIIIIIIXY,-0.0032465038152137814
IYYIIIIIIIIIIIYY,-0.0032465038152137814
IXXIIIIIIIIIIIXX,-0.0032465038152137814
IXYIIIIIIIIIIIYX,-0.0032465038152137814
IZIZIIIIIIIIIIII,0.14203722219401665
IZIYZZZZZZZYIIII,-0.044055084280896904
IZIXZZZZZZZXIIII,-0.044055084280896904
IYZIZZZZZZZYIIII,-0.00018833053530497006
IXZIZZZZZZZXIIII,-0.00018833053530497006
IYZXIXZZZZZZZYII,-0.0027467525898795214
IYZYIYZZZZZZZYII,-0.005799833182381781
IYZYIXZZZZZZZXII,-0.0030530805925022583
IXZXIYZZZZZZZYII,-0.0030530805925022583
IXZXIXZZZZZZZXII,-0.005799833182381781
IXZYIYZZZZZZZXII,-0.0027467525898795214
IYZXIXZZZZZZZZZY,-0.00115351044205781
IYZYIYZZZZZZZZZY,-0.0024356646327451763
IYZYIXZZZZZZZZZX,-0.0012821541906873665
IXZXIYZZZZZZZZZY,-0.0012821541906873665
IXZXIXZZZZZZZZZX,-0.0024356646327451763
IXZYIYZZZZZZZZZX,-0.00115351044205781
IYZXIIIXZZZZZYII,0.0011535104420578117
IYZYIIIYZZZZZYII,0.0024356646327451737
IYZYIIIXZZZZZXII,0.0012821541906873624
IXZXIIIYZZZZZYII,0.0012821541906873624
IXZXIIIXZZZZZXII,0.0024356646327451737
IXZYIIIYZZZZZXII,0.0011535104420578117
IYZXIIIXZZZZZZZY,-0.0027467525898795192
IYZYIIIYZZZZZZZY,-0.005799833182381773
IYZYIIIXZZZZZZZX,-0.0030530805925022535
IXZXIIIYZZZZZZZY,-0.0030530805925022535
IXZXIIIXZZZZZZZX,-0.005799833182381773
IXZYIIIYZZZZZZZX,-0.0027467525898795192
IZIIZIIIIIIIIIII,0.13640850122751938
IYZYZIIIIIIIIIII,0.0009259696934079824
IXZXZIIIIIIIIIII,0.0009259696934079824
IYZZIYIIIIIIIIII,-0.0010331001116787887
IXZZIXIIIIIIIIII,-0.0010331001116787887
IYZZIZZYIIIIIIII,-5.784906130543248e-05
IXZZIZZXIIIIIIII,-5.784906130543248e-05
IYZZIZZZZZZYIIII,0.0008857042466362414
IXZZIZZZZZZXIIII,0.0008857042466362414
IYZZIZZZZZZZZYII,-0.0012087311687980825
IXZZIZZZZZZZZXII,-0.0012087311687980825
IYZZIZZZZZZZZZZY,-0.0005891496289419386
IXZZIZZZZZZZZZZX,-0.0005891496289419386
IYZZXXYIIIIIIIII,5.7849061305428244e-05
IYZZYXXIIIIIIIII,-5.7849061305428244e-05
IXZZXYYIIIIIIIII,-5.7849061305428244e-05
IXZZYYXIIIIIIIII,5.7849061305428244e-05
IYZZXIXYIIIIIIII,0.0010331001116787879
IYZZYIYYIIIIIIII,0.0010331001116787879
IXZZXIXXIIIIIIII,0.0010331001116787879
IXZZYIYXIIIIIIII,0.0010331001116787879
IYZZXIXZZZZZZYII,-0.0005891496289419148
IYZZYIYZZZZZZYII,-0.0005891496289419148
IXZZXIXZZZZZZXII,-0.0005891496289419148
IXZZYIYZZZZZZXII,-0.0005891496289419148
IYZZXIXZZZZZZZZY,0.0012087311687980766
IYZZYIYZZZZZZZZY,0.0012087311687980766
IXZZXIXZZZZZZZZX,0.0012087311687980766
IXZZYIYZZZZZZZZX,0.0012087311687980766
IYZZXXZZZZYIIIII,0.0008238119656211628
IYZZYXZZZZXIIIII,-0.0008238119656211628
IXZZXYZZZZYIIIII,-0.0008238119656211628
IXZZYYZZZZXIIIII,0.0008238119656211628
IYZZXIIIIIXZZYII,-0.001386532072560264
IYZZYIIIIIYZZYII,-0.001386532072560264
IXZZXIIIIIXZZXII,-0.001386532072560264
IXZZYIIIIIYZZXII,-0.001386532072560264
IYZZXIIIIIXZZZZY,-0.0005822800458400746
IYZZYIIIIIYZZZZY,-0.0005822800458400746
IXZZXIIIIIXZZZZX,-0.0005822800458400746
IXZZYIIIIIYZZZZX,-0.0005822800458400746
IZIIYZZZZZZZYIII,-0.04681647600220114
IZIIXZZZZZZZXIII,-0.04681647600220114
IYZYYZZZZZZZYIII,-0.0012705640451124026
IYZYXZZZZZZZXIII,-0.0012705640451124026
IXZXYZZZZZZZYIII,-0.0012705640451124026
IXZXXZZZZZZZXIII,-0.0012705640451124026
IYZZXXZZZZZZYIII,-0.0007451642101063369
IYZZYXZZZZZZXIII,0.0007451642101063369
IXZZXYZZZZZZYIII,0.0007451642101063369
IXZZYYZZZZZZXIII,-0.0007451642101063369
IYZZXIIXZZZZYIII,-0.00036320170209681554
IYZZYIIXZZZZXIII,0.00036320170209681554
IXZZXIIYZZZZYIII,0.00036320170209681554
IXZZYIIYZZZZXIII,-0.00036320170209681554
IYZZXIIIIIIXYIII,-0.0011656667570393384
IYZZYIIIIIIXXIII,0.0011656667570393384
IXZZXIIIIIIYYIII,0.0011656667570393384
IXZZYIIIIIIYXIII,-0.0011656667570393384
IYZZXIIIIIIIXYII,0.000902243957332183
IYZZYIIIIIIIYYII,0.000902243957332183
IXZZXIIIIIIIXXII,0.000902243957332183
IXZZYIIIIIIIYXII,0.000902243957332183
IYZZXIIIIIIIXZZY,0.001029367157527133
IYZZYIIIIIIIYZZY,0.001029367157527133
IXZZXIIIIIIIXZZX,0.001029367157527133
IXZZYIIIIIIIYZZX,0.001029367157527133
IZIIYZZZZZZZZZYI,-0.01966077837802513
IZIIXZZZZZZZZZXI,-0.01966077837802513
IYZYYZZZZZZZZZYI,-0.0005335787790791368
IYZYXZZZZZZZZZXI,-0.0005335787790791368
IXZXYZZZZZZZZZYI,-0.0005335787790791368
IXZXXZZZZZZZZZXI,-0.0005335787790791368
IYZZXXZZZZZZZZYI,-0.000363201702096841
IYZZYXZZZZZZZZXI,0.000363201702096841
IXZZXYZZZZZZZZYI,0.000363201702096841
IXZZYYZZZZZZZZXI,-0.000363201702096841
IYZZXIIXZZZZZZYI,0.0007451642101063186
IYZZYIIXZZZZZZXI,-0.0007451642101063186
IXZZXIIYZZZZZZYI,-0.0007451642101063186
IXZZYIIYZZZZZZXI,0.0007451642101063186
IYZZXIIIIIIXZZYI,-0.0004895267164427998
IYZZYIIIIIIXZZXI,0.0004895267164427998
IXZZXIIIIIIYZZYI,0.0004895267164427998
IXZZYIIIIIIYZZXI,-0.0004895267164427998
IYZZXIIIIIIIIXYI,-0.0010293671575271834
IYZZYIIIIIIIIXXI,0.0010293671575271834
IXZZXIIIIIIIIYYI,0.0010293671575271834
IXZZYIIIIIIIIYXI,-0.0010293671575271834
IYZZXIIIIIIIIIXY,-0.0009022439573321739
IYZZYIIIIIIIIIYY,-0.0009022439573321739
IXZZXIIIIIIIIIXX,-0.0009022439573321739
IXZZYIIIIIIIIIYX,-0.0009022439573321739
IZIIIZIIIIIIIIII,0.1345232405181724
IZIIIYZZZZZZZYII,-0.04377426169179427
IZIIIXZZZZZZZXII,-0.04377426169179427
IZIIIYZZZZZZZZZY,-0.018383187528757575
IZIIIXZZZZZZZZZX,-0.018383187528757575
IYZYIZIIIIIIIIII,0.004174352134024513
IXZXIZIIIIIIIIII,0.004174352134024513
IYZZZIZZZZZYIIII,0.0017095162122574043
IXZZZIZZZZZXIIII,0.0017095162122574043
IYZZZIZZZZZZZYII,-0.0019538953789044193
IXZZZIZZZZZZZXII,-0.0019538953789044193
IYZZZIZZZZZZZZZY,-0.0009523513310387797
IXZZZIZZZZZZZZZX,-0.0009523513310387797
IYZZZXIXZZZZZYII,-0.0009523513310387304
IYZZZYIYZZZZZYII,-0.0009523513310387337
IXZZZXIXZZZZZXII,-0.0009523513310387337
IXZZZYIYZZZZZXII,-0.0009523513310387304
IYZZZXIXZZZZZZZY,0.001953895378904396
IYZZZYIYZZZZZZZY,0.0019538953789043946
IXZZZXIXZZZZZZZX,0.0019538953789043946
IXZZZYIYZZZZZZZX,0.001953895378904396
IYZZZXIIIIIXZYII,-0.0025521988295996016
IYZZZYIIIIIYZYII,0.001634093479952048
IYZZZYIIIIIXZXII,0.004186292309551651
IXZZZXIIIIIYZYII,0.004186292309551651
IXZZZXIIIIIXZXII,0.001634093479952048
IXZZZYIIIIIYZXII,-0.0025521988295996016
IYZZZXIIIIIXZZZY,-0.0010718067622828744
IYZZZYIIIIIYZZZY,0.0006862445126540838
IYZZZYIIIIIXZZZX,0.0017580512749369585
IXZZZXIIIIIYZZZY,0.0017580512749369585
IXZZZXIIIIIXZZZX,0.0006862445126540838
IXZZZYIIIIIYZZZX,-0.0010718067622828744
IZIIIIZIIIIIIIII,0.13640850122751902
IYZYIIZIIIIIIIII,0.0009259696934079784
IXZXIIZIIIIIIIII,0.0009259696934079784
IYZZZYZIIIIIIIII,0.0010331001116787933
IXZZZXZIIIIIIIII,0.0010331001116787933
IYZZZZIYIIIIIIII,5.784906130543616e-05
IXZZZZIXIIIIIIII,5.784906130543616e-05
IYZZZZIZZZZYIIII,0.0008857042466363034
IXZZZZIZZZZXIIII,0.0008857042466363034
IYZZZZIZZZZZZYII,0.0012087311687980573
IXZZZZIZZZZZZXII,0.0012087311687980573
IYZZZZIZZZZZZZZY,0.0005891496289419033
IXZZZZIZZZZZZZZX,0.0005891496289419033
IYZZZZXXZZYIIIII,0.0008238119656211902
IYZZZZYXZZXIIIII,-0.0008238119656211902
IXZZZZXYZZYIIIII,-0.0008238119656211902
IXZZZZYYZZXIIIII,0.0008238119656211902
IYZZZZXIIIXZZYII,0.000582280045840051
IYZZZZYIIIYZZYII,0.000582280045840051
IXZZZZXIIIXZZXII,0.000582280045840051
IXZZZZYIIIYZZXII,0.000582280045840051
IYZZZZXIIIXZZZZY,-0.0013865320725603306
IYZZZZYIIIYZZZZY,-0.0013865320725603306
IXZZZZXIIIXZZZZX,-0.0013865320725603306
IXZZZZYIIIYZZZZX,-0.0013865320725603306
IZIIIIYZZZZZYIII,0.019660778378025105
IZIIIIXZZZZZXIII,0.019660778378025105
IYZYIIYZZZZZYIII,0.0005335787790791331
IYZYIIXZZZZZXIII,0.0005335787790791331
IXZXIIYZZZZZYIII,0.0005335787790791331
IXZXIIXZZZZZXIII,0.0005335787790791331
IYZZZYYZZZZZYIII,-0.000363201702096819
IYZZZYXZZZZZXIII,-0.000363201702096819
IXZZZXYZZZZZYIII,-0.000363201702096819
IXZZZXXZZZZZXIII,-0.000363201702096819
IYZZZZXXZZZZYIII,0.0007451642101063076
IYZZZZYXZZZZXIII,-0.0007451642101063076
IXZZZZXYZZZZYIII,-0.0007451642101063076
IXZZZZYYZZZZXIII,0.0007451642101063076
IYZZZZXIIIIXYIII,0.0004895267164428161
IYZZZZYIIIIXXIII,-0.0004895267164428161
IXZZZZXIIIIYYIII,-0.0004895267164428161
IXZZZZYIIIIYXIII,0.0004895267164428161
IYZZZZXIIIIIXYII,0.0010293671575271589
IYZZZZYIIIIIYYII,0.0010293671575271589
IXZZZZXIIIIIXXII,0.0010293671575271589
IXZZZZYIIIIIYXII,0.0010293671575271589
IYZZZZXIIIIIXZZY,-0.0009022439573321493
IYZZZZYIIIIIYZZY,-0.0009022439573321493
IXZZZZXIIIIIXZZX,-0.0009022439573321493
IXZZZZYIIIIIYZZX,-0.0009022439573321493
IZIIIIYZZZZZZZYI,-0.046816476002200985
IZIIIIXZZZZZZZXI,-0.046816476002200985
IYZYIIYZZZZZZZYI,-0.0012705640451123996
IYZYIIXZZZZZZZXI,-0.0012705640451123996
IXZXIIYZZZZZZZYI,-0.0012705640451123996
IXZXIIXZZZZZZZXI,-0.0012705640451123996
IYZZZYYZZZZZZZYI,0.0007451642101063182
IYZZZYXZZZZZZZXI,0.0007451642101063182
IXZZZXYZZZZZZZYI,0.0007451642101063182
IXZZZXXZZZZZZZXI,0.0007451642101063182
IYZZZZXXZZZZZZYI,0.00036320170209679754
IYZZZZYXZZZZZZXI,-0.00036320170209679754
IXZZZZXYZZZZZZYI,-0.00036320170209679754
IXZZZZYYZZZZZZXI,0.00036320170209679754
IYZZZZXIIIIXZZYI,-0.0011656667570392656
IYZZZZYIIIIXZZXI,0.0011656667570392656
IXZZZZXIIIIYZZYI,0.0011656667570392656
IXZZZZYIIIIYZZXI,-0.0011656667570392656
IYZZZZXIIIIIIXYI,0.000902243957332211
IYZZZZYIIIIIIXXI,-0.000902243957332211
IXZZZZXIIIIIIYYI,-0.000902243957332211
IXZZZZYIIIIIIYXI,0.000902243957332211
IYZZZZXIIIIIIIXY,-0.0010293671575271474
IYZZZZYIIIIIIIYY,-0.0010293671575271474
IXZZZZXIIIIIIIXX,-0.0010293671575271474
IXZZZZYIIIIIIIYX,-0.0010293671575271474
IZIIIIIZIIIIIIII,0.13452324051817205
IZIIIIIYZZZZZYII,0.018383187528757557
IZIIIIIXZZZZZXII,0.018383187528757557
IZIIIIIYZZZZZZZY,-0.04377426169179413
IZIIIIIXZZZZZZZX,-0.04377426169179413
IYZYIIIZIIIIIIII,0.004174352134024489
IXZXIIIZIIIIIIII,0.004174352134024489
IYZZZZZIZZZYIIII,0.0017095162122574934
IXZZZZZIZZZXIIII,0.0017095162122574934
IYZZZZZIZZZZZYII,0.0019538953789043647
IXZZZZZIZZZZZXII,0.0019538953789043647
IYZZZZZIZZZZZZZY,0.0009523513310387007
IXZZZZZIZZZZZZZX,0.0009523513310387007
IYZZZZZXIIIXZYII,0.001071806762282867
IYZZZZZYIIIYZYII,-0.0006862445126541003
IYZZZZZYIIIXZXII,-0.0017580512749369678
IXZZZZZXIIIYZYII,-0.0017580512749369678
IXZZZZZXIIIXZXII,-0.0006862445126541003
IXZZZZZYIIIYZXII,0.001071806762282867
IYZZZZZXIIIXZZZY,-0.0025521988295995972
IYZZZZZYIIIYZZZY,0.0016340934799519864
IYZZZZZYIIIXZZZX,0.004186292309551582
IXZZZZZXIIIYZZZY,0.004186292309551582
IXZZZZZXIIIXZZZX,0.0016340934799519864
IXZZZZZYIIIYZZZX,-0.0025521988295995972
IZIIIIIIZIIIIIII,0.18548393696462198
IYZYIIIIZIIIIIII,0.00246068625122264
IXZXIIIIZIIIIIII,0.00246068625122264
IYZZZZZZIZZYIIII,0.0019129594752442017
IXZZZZZZIZZXIIII,0.0019129594752442017
IYZZZZZZXXYIIIII,0.005953439989490961
IYZZZZZZYXXIIIII,-0.005953439989490961
IXZZZZZZXYYIIIII,-0.005953439989490961
IXZZZZZZYYXIIIII,0.005953439989490961
IZIIIIIIIZIIIIII,0.18000443880399122
IYZYIIIIIZIIIIII,0.007794841734834795
IXZXIIIIIZIIIIII,0.007794841734834795
IYZZZZZZZIZYIIII,0.007866399464735163
IXZZZZZZZIZXIIII,0.007866399464735163
IZIIIIIIIIZIIIII,0.15491819405343926
IYZYIIIIIIZIIIII,0.002887192044416593
IXZXIIIIIIZIIIII,0.002887192044416593
IYZZZZZZZZIYIIII,0.0028771006186418505
IXZZZZZZZZIXIIII,0.0028771006186418505
IYZZZYIIIIYZYIII,0.0030206255525123127
IYZZZYIIIIXZXIII,0.0030206255525123127
IXZZZXIIIIYZYIII,0.0030206255525123127
IXZZZXIIIIXZXIII,0.0030206255525123127
IYZZZZZYIIYZYIII,-0.0012685245584941514
IYZZZZZYIIXZXIII,-0.0012685245584941514
IXZZZZZXIIYZYIII,-0.0012685245584941514
IXZZZZZXIIXZXIII,-0.0012685245584941514
IYZZZZZZZZXIXYII,-0.005181857407311923
IYZZZZZZZZYIYYII,-0.005181857407311923
IXZZZZZZZZXIXXII,-0.005181857407311923
IXZZZZZZZZYIYXII,-0.005181857407311923
IYZZZYIIIIYZZZYI,0.0012685245584941585
IYZZZYIIIIXZZZXI,0.0012685245584941585
IXZZZXIIIIYZZZYI,0.0012685245584941585
IXZZZXIIIIXZZZXI,0.0012685245584941585
IYZZZZZYIIYZZZYI,0.0030206255525123166
IYZZZZZYIIXZZZXI,0.0030206255525123166
IXZZZZZXIIYZZZYI,0.0030206255525123166
IXZZZZZXIIXZZZXI,0.0030206255525123166
IYZZZZZZZZXIIIXY,-0.005181857407311963
IYZZZZZZZZYIIIYY,-0.005181857407311963
IXZZZZZZZZXIIIXX,-0.005181857407311963
IXZZZZZZZZYIIIYX,-0.005181857407311963
IZIIIIIIIIIZIIII,0.14393830462102888
IYZYIIIIIIIZIIII,0.0005164602316110244
IXZXIIIIIIIZIIII,0.0005164602316110244
IZIIIIIIIIIIZIII,0.1708105943790038
IYZYIIIIIIIIZIII,0.0024775811160769757
IXZXIIIIIIIIZIII,0.0024775811160769757
IYZZZYIIIIIIZIII,0.00014850560371148342
IXZZZXIIIIIIZIII,0.00014850560371148342
IYZZZZZYIIIIZIII,0.00016942955386615018
IXZZZZZXIIIIZIII,0.00016942955386615018
IYZZZZZZZZZYZIII,0.002330281844180249
IXZZZZZZZZZXZIII,0.002330281844180249
IYZZZZZZZZZZIYII,0.00020132124883799493
IXZZZZZZZZZZIXII,0.00020132124883799493
IYZZZZZZZZZZIZZY,0.0006032774068842493
IXZZZZZZZZZZIZZX,0.0006032774068842493
IYZZZYIIIIIIYZYI,-0.00016942955386628407
IYZZZYIIIIIIXZXI,-0.00016942955386628407
IXZZZXIIIIIIYZYI,-0.00016942955386628407
IXZZZXIIIIIIXZXI,-0.00016942955386628407
IYZZZZZYIIIIYZYI,0.00014850560371138796
IYZZZZZYIIIIXZXI,0.00014850560371138796
IXZZZZZXIIIIYZYI,0.00014850560371138796
IXZZZZZXIIIIXZXI,0.00014850560371138796
IYZZZZZZZZZZXXYI,-0.0006032774068844401
IYZZZZZZZZZZYXXI,0.0006032774068844401
IXZZZZZZZZZZXYYI,0.0006032774068844401
IXZZZZZZZZZZYYXI,-0.0006032774068844401
IYZZZZZZZZZZXIXY,-0.00020132124883782965
IYZZZZZZZZZZYIYY,-0.00020132124883782965
IXZZZZZZZZZZXIXX,-0.00020132124883782965
IXZZZZZZZZZZYIYX,-0.00020132124883782965
IZIIIIIIIIIIIZII,0.1649735090919333
IYZYIIIIIIIIIZII,0.00572408493129075
IXZXIIIIIIIIIZII,0.00572408493129075
IYZZZYIIIIIIIZII,-0.0007537383536206993
IXZZZXIIIIIIIZII,-0.0007537383536206993
IYZZZYIIIIIIIYZY,0.0008599376036608552
IYZZZYIIIIIIIXZX,0.0008599376036608933
IXZZZXIIIIIIIYZY,0.0008599376036608933
IXZZZXIIIIIIIXZX,0.0008599376036608552
IYZZZZZYIIIIIZII,-0.0008599376036610086
IXZZZZZXIIIIIZII,-0.0008599376036610086
IYZZZZZYIIIIIYZY,-0.0007537383536207683
IYZZZZZYIIIIIXZX,-0.0007537383536208158
IXZZZZZXIIIIIYZY,-0.0007537383536208158
IXZZZZZXIIIIIXZX,-0.0007537383536207683
IYZZZZZZZZZYIZII,0.007512139251492172
IXZZZZZZZZZXIZII,0.007512139251492172
IZIIIIIIIIIIIIZI,0.1708105943790038
IYZYIIIIIIIIIIZI,0.0024775811160769627
IXZXIIIIIIIIIIZI,0.0024775811160769627
IYZZZYIIIIIIIIZI,-0.00014850560371133182
IXZZZXIIIIIIIIZI,-0.00014850560371133182
IYZZZZZYIIIIIIZI,-0.000169429553866038
IXZZZZZXIIIIIIZI,-0.000169429553866038
IYZZZZZZZZZYIIZI,0.0023302818441802015
IXZZZZZZZZZXIIZI,0.0023302818441802015
IYZZZZZZZZZZZYZI,-0.0002013212488379402
IXZZZZZZZZZZZXZI,-0.0002013212488379402
IYZZZZZZZZZZZZIY,-0.0006032774068841073
IXZZZZZZZZZZZZIX,-0.0006032774068841073
IZIIIIIIIIIIIIIZ,0.1649735090919333
IYZYIIIIIIIIIIIZ,0.005724084931290744
IXZXIIIIIIIIIIIZ,0.005724084931290744
IYZZZYIIIIIIIIIZ,0.0007537383536208421
IXZZZXIIIIIIIIIZ,0.0007537383536208421
IYZZZZZYIIIIIIIZ,0.0008599376036611095
IXZZZZZXIIIIIIIZ,0.0008599376036611095
IYZZZZZZZZZYIIIZ,0.007512139251492164
IXZZZZZZZZZXIIIZ,0.007512139251492164
IIZZIIIIIIIIIIII,0.11100445402719947
IIYIZZZZZZYIIIII,-0.010504873913594906
IIXIZZZZZZXIIIII,-0.010504873913594906
IIYXXYIIIIIIIIII,0.030276332036792274
IIYYXXIIIIIIIIII,-0.030276332036792274
IIXXYYIIIIIIIIII,-0.030276332036792274
IIXYYXIIIIIIIIII,0.030276332036792274
IIYXIXZZZZZZYIII,0.0006853833822503966
IIYYIYZZZZZZYIII,0.0006853833822503966
IIXXIXZZZZZZXIII,0.0006853833822503966
IIXYIYZZZZZZXIII,0.0006853833822503966
IIYXIXZZZZZZZZYI,0.00028782966880660626
IIYYIYZZZZZZZZYI,0.00028782966880660626
IIXXIXZZZZZZZZXI,0.00028782966880660626
IIXYIYZZZZZZZZXI,0.00028782966880660626
IIYXIIXYIIIIIIII,0.030276332036792232
IIYYIIXXIIIIIIII,-0.030276332036792232
IIXXIIYYIIIIIIII,-0.030276332036792232
IIXYIIYXIIIIIIII,0.030276332036792232
IIYXIIIXZZZZYIII,-0.00028782966880660523
IIYYIIIYZZZZYIII,-0.00028782966880660523
IIXXIIIXZZZZXIII,-0.00028782966880660523
IIXYIIIYZZZZXIII,-0.00028782966880660523
IIYXIIIXZZZZZZYI,0.0006853833822503561
IIYYIIIYZZZZZZYI,0.0006853833822503561
IIXXIIIXZZZZZZXI,0.0006853833822503561
IIXYIIIYZZZZZZXI,0.0006853833822503561
IIYXIIIIXYIIIIII,0.017349151366922614
IIYYIIIIXXIIIIII,-0.017349151366922614
IIXXIIIIYYIIIIII,-0.017349151366922614
IIXYIIIIYXIIIIII,0.017349151366922614
IIZYZZZZZZZYIIII,-0.010504873913594906
IIZXZZZZZZZXIIII,-0.010504873913594906
IIYXIIIIIIXYIIII,0.017533053841160082
IIYYIIIIIIXXIIII,-0.017533053841160082
IIXXIIIIIIYYIIII,-0.017533053841160082
IIXYIIIIIIYXIIII,0.017533053841160082
IIYXXZZZZZZZZYII,-0.0006853833822503966
IIYYXZZZZZZZZXII,0.0006853833822503966
IIXXYZZZZZZZZYII,0.0006853833822503966
IIXYYZZZZZZZZXII,-0.0006853833822503966
IIYXIIXZZZZZZYII,0.00028782966880660523
IIYYIIXZZZZZZXII,-0.00028782966880660523
IIXXIIYZZZZZZYII,-0.00028782966880660523
IIXYIIYZZZZZZXII,0.00028782966880660523
IIYXIIIIIIIIXYII,0.012141518793867084
IIYYIIIIIIIIXXII,-0.012141518793867084
IIXXIIIIIIIIYYII,-0.012141518793867084
IIXYIIIIIIIIYXII,0.012141518793867084
IIYXXZZZZZZZZZZY,-0.0002878296688066063
IIYYXZZZZZZZZZZX,0.0002878296688066063
IIXXYZZZZZZZZZZY,0.0002878296688066063
IIXYYZZZZZZZZZZX,-0.0002878296688066063
IIYXIIXZZZZZZZZY,-0.0006853833822503561
IIYYIIXZZZZZZZZX,0.0006853833822503561
IIXXIIYZZZZZZZZY,0.0006853833822503561
IIXYIIYZZZZZZZZX,-0.0006853833822503561
IIYXIIIIIIIIIIXY,0.01214151879386708
IIYYIIIIIIIIIIXX,-0.01214151879386708
IIXXIIIIIIIIIIYY,-0.01214151879386708
IIXYIIIIIIIIIIYX,0.01214151879386708
IIZIZIIIIIIIIIII,0.0796012018121416
IIZIYZZZZZZZYIII,-0.011436353901167802
IIZIXZZZZZZZXIII,-0.011436353901167802
IIZIYZZZZZZZZZYI,-0.004802745501240877
IIZIXZZZZZZZZZXI,-0.004802745501240877
IIYZIZZZZZYIIIII,-0.01611424848406215
IIXZIZZZZZXIIIII,-0.01611424848406215
IIYZIZZZZZZZYIII,-0.006018075960458814
IIXZIZZZZZZZXIII,-0.006018075960458814
IIYZIZZZZZZZZZYI,-0.0029332802119877606
IIXZIZZZZZZZZZXI,-0.0029332802119877606
IIYZXIXZZZZZYIII,-0.0029332802119881513
IIYZYIYZZZZZYIII,-0.0029332802119881635
IIXZXIXZZZZZXIII,-0.0029332802119881635
IIXZYIYZZZZZXIII,-0.0029332802119881513
IIYZXIXZZZZZZZYI,0.006018075960459008
IIYZYIYZZZZZZZYI,0.0060180759604590225
IIXZXIXZZZZZZZXI,0.0060180759604590225
IIXZYIYZZZZZZZXI,0.006018075960459008
IIYZXIIIIIXZYIII,0.00498986222292006
IIYZYIIIIIYZYIII,0.014553960230160446
IIYZYIIIIIXZXIII,0.009564098007240385
IIXZXIIIIIYZYIII,0.009564098007240385
IIXZXIIIIIXZXIII,0.014553960230160446
IIXZYIIIIIYZXIII,0.00498986222292006
IIYZXIIIIIXZZZYI,0.002095513880564157
IIYZYIIIIIYZZZYI,0.00611199754963016
IIYZYIIIIIXZZZXI,0.004016483669066003
IIXZXIIIIIYZZZYI,0.004016483669066003
IIXZXIIIIIXZZZXI,0.00611199754963016
IIXZYIIIIIYZZZXI,0.002095513880564157
IIZIIZIIIIIIIIII,0.10987753384893387
IIYZYZIIIIIIIIII,-0.01582693638419561
IIXZXZIIIIIIIIII,-0.01582693638419561
IIYZZIYIIIIIIIII,-0.0008862388095947956
IIXZZIXIIIIIIIII,-0.0008862388095947956
IIYZZIZZZZYIIIII,-0.005328353981201553
IIXZZIZZZZXIIIII,-0.005328353981201553
IIYZZIZZZZZZYIII,0.0055331244375009265
IIXZZIZZZZZZXIII,0.0055331244375009265
IIYZZIZZZZZZZZYI,0.0026969091998221085
IIXZZIZZZZZZZZXI,0.0026969091998221085
IIYZYYZYIIIIIIII,0.0008862388095948068
IIYZYXZXIIIIIIII,0.0008862388095948068
IIXZXYZYIIIIIIII,0.0008862388095948068
IIXZXXZXIIIIIIII,0.0008862388095948068
IIYZZXXYIIIIIIII,-0.015826936384195633
IIYZZYXXIIIIIIII,0.015826936384195633
IIXZZXYYIIIIIIII,0.015826936384195633
IIXZZYYXIIIIIIII,-0.015826936384195633
IIYZZXIXZZZZYIII,0.002696909199821965
IIYZZYIYZZZZYIII,0.002696909199821965
IIXZZXIXZZZZXIII,0.002696909199821965
IIXZZYIYZZZZXIII,0.002696909199821965
IIYZZXIXZZZZZZYI,-0.005533124437500835
IIYZZYIYZZZZZZYI,-0.005533124437500835
IIXZZXIXZZZZZZXI,-0.005533124437500835
IIXZZYIYZZZZZZXI,-0.005533124437500835
IIYZYYZZZZZYIIII,-0.010785894502860598
IIYZYXZZZZZXIIII,-0.010785894502860598
IIXZXYZZZZZYIIII,-0.010785894502860598
IIXZXXZZZZZXIIII,-0.010785894502860598
IIYZZXIIIIIXYIII,-0.01051374439775714
IIYZZYIIIIIYYIII,-0.01051374439775714
IIXZZXIIIIIXXIII,-0.01051374439775714
IIXZZYIIIIIYXIII,-0.01051374439775714
IIYZZXIIIIIXZZYI,-0.004415291713066701
IIYZZYIIIIIYZZYI,-0.004415291713066701
IIXZZXIIIIIXZZXI,-0.004415291713066701
IIXZZYIIIIIYZZXI,-0.004415291713066701
IIZIIYZZZZZZZYII,-0.010750970518917406
IIZIIXZZZZZZZXII,-0.010750970518917406
IIYZYYZZZZZZZYII,-0.011551200397959743
IIYZYXZZZZZZZXII,-0.011551200397959743
IIXZXYZZZZZZZYII,-0.011551200397959743
IIXZXXZZZZZZZXII,-0.011551200397959743
IIYZZXXZZZZZZYII,-0.005630189411810116
IIYZZYXZZZZZZXII,0.005630189411810116
IIXZZXYZZZZZZYII,0.005630189411810116
IIXZZYYZZZZZZXII,-0.005630189411810116
IIYZZXIIIIXZZYII,0.0155036066206772
IIYZZYIIIIXZZXII,-0.0155036066206772
IIXZZXIIIIYZZYII,-0.0155036066206772
IIXZZYIIIIYZZXII,0.0155036066206772
IIYZZXIIIIIIXYII,0.0015366445683784376
IIYZZYIIIIIIXXII,-0.0015366445683784376
IIXZZXIIIIIIYYII,-0.0015366445683784376
IIXZZYIIIIIIYXII,0.0015366445683784376
IIYZZXIIIIIIIXYI,-0.0017531527239686789
IIYZZYIIIIIIIYYI,-0.0017531527239686789
IIXZZXIIIIIIIXXI,-0.0017531527239686789
IIXZZYIIIIIIIYXI,-0.0017531527239686789
IIZIIYZZZZZZZZZY,-0.00451491583243427
IIZIIXZZZZZZZZZX,-0.00451491583243427
IIYZYYZZZZZZZZZY,-0.00563018941180987
IIYZYXZZZZZZZZZX,-0.00563018941180987
IIXZXYZZZZZZZZZY,-0.00563018941180987
IIXZXXZZZZZZZZZX,-0.00563018941180987
IIYZZXXZZZZZZZZY,0.011551200397959843
IIYZZYXZZZZZZZZX,-0.011551200397959843
IIXZZXYZZZZZZZZY,-0.011551200397959843
IIXZZYYZZZZZZZZX,0.011551200397959843
IIYZZXIIIIXZZZZY,0.006510805593630858
IIYZZYIIIIXZZZZX,-0.006510805593630858
IIXZZXIIIIYZZZZY,-0.006510805593630858
IIXZZYIIIIYZZZZX,0.006510805593630858
IIYZZXIIIIIIXZZY,0.0017531527239687766
IIYZZYIIIIIIXZZX,-0.0017531527239687766
IIXZZXIIIIIIYZZY,-0.0017531527239687766
IIXZZYIIIIIIYZZX,0.0017531527239687766
IIYZZXIIIIIIIIXY,-0.0015366445683790285
IIYZZYIIIIIIIIXX,0.0015366445683790285
IIXZZXIIIIIIIIYY,0.0015366445683790285
IIXZZYIIIIIIIIYX,-0.0015366445683790285
IIZIIIZIIIIIIIII,0.07960120181214148
IIZIIIYZZZZZYIII,0.0048027455012408515
IIZIIIXZZZZZXIII,0.0048027455012408515
IIZIIIYZZZZZZZYI,-0.011436353901167729
IIZIIIXZZZZZZZXI,-0.011436353901167729
IIYZZZIZZZYIIIII,-0.01611424848406181
IIXZZZIZZZXIIIII,-0.01611424848406181
IIYZZZIZZZZZYIII,0.0060180759604592255
IIXZZZIZZZZZXIII,0.0060180759604592255
IIYZZZIZZZZZZZYI,0.0029332802119885577
IIXZZZIZZZZZZZXI,0.0029332802119885577
IIYZZZXIIIXZYIII,-0.002095513880564173
IIYZZZYIIIYZYIII,-0.006111997549630227
IIYZZZYIIIXZXIII,-0.004016483669066054
IIXZZZXIIIYZYIII,-0.004016483669066054
IIXZZZXIIIXZXIII,-0.006111997549630227
IIXZZZYIIIYZXIII,-0.002095513880564173
IIYZZZXIIIXZZZYI,0.004989862222920088
IIYZZZYIIIYZZZYI,0.01455396023016017
IIYZZZYIIIXZZZXI,0.009564098007240077
IIXZZZXIIIYZZZYI,0.009564098007240077
IIXZZZXIIIXZZZXI,0.01455396023016017
IIXZZZYIIIYZZZXI,0.004989862222920088
IIZIIIIZIIIIIIII,0.1098775338489337
IIYZYIIZIIIIIIII,0.015826936384195658
IIXZXIIZIIIIIIII,0.015826936384195658
IIYZZZYZIIIIIIII,0.0008862388095948737
IIXZZZXZIIIIIIII,0.0008862388095948737
IIYZZZZIZZYIIIII,-0.005328353981201742
IIXZZZZIZZXIIIII,-0.005328353981201742
IIYZZZZIZZZZYIII,-0.005533124437500812
IIXZZZZIZZZZXIII,-0.005533124437500812
IIYZZZZIZZZZZZYI,-0.0026969091998218413
IIXZZZZIZZZZZZXI,-0.0026969091998218413
IIYZZZYYZZZYIIII,-0.010785894502860069
IIYZZZYXZZZXIIII,-0.010785894502860069
IIXZZZXYZZZYIIII,-0.010785894502860069
IIXZZZXXZZZXIIII,-0.010785894502860069
IIYZZZZXIIIXYIII,0.004415291713066725
IIYZZZZYIIIYYIII,0.004415291713066725
IIXZZZZXIIIXXIII,0.004415291713066725
IIXZZZZYIIIYXIII,0.004415291713066725
IIYZZZZXIIIXZZYI,-0.010513744397756982
IIYZZZZYIIIYZZYI,-0.010513744397756982
IIXZZZZXIIIXZZXI,-0.010513744397756982
IIXZZZZYIIIYZZXI,-0.010513744397756982
IIZIIIIYZZZZZYII,0.004514915832434245
IIZIIIIXZZZZZXII,0.004514915832434245
IIYZYIIYZZZZZYII,-0.005630189411810129
IIYZYIIXZZZZZXII,-0.005630189411810129
IIXZXIIYZZZZZYII,-0.005630189411810129
IIXZXIIXZZZZZXII,-0.005630189411810129
IIYZZZYYZZZZZYII,0.011551200397960038
IIYZZZYXZZZZZXII,0.011551200397960038
IIXZZZXYZZZZZYII,0.011551200397960038
IIXZZZXXZZZZZXII,0.011551200397960038
IIYZZZZXIIXZZYII,-0.006510805593630898
IIYZZZZYIIXZZXII,0.006510805593630898
IIXZZZZXIIYZZYII,0.006510805593630898
IIXZZZZYIIYZZXII,-0.006510805593630898
IIYZZZZXIIIIXYII,0.001753152723969282
IIYZZZZYIIIIXXII,-0.001753152723969282
IIXZZZZXIIIIYYII,-0.001753152723969282
IIXZZZZYIIIIYXII,0.001753152723969282
IIYZZZZXIIIIIXYI,0.0015366445683787542
IIYZZZZYIIIIIYYI,0.0015366445683787542
IIXZZZZXIIIIIXXI,0.0015366445683787542
IIXZZZZYIIIIIYXI,0.0015366445683787542
IIZIIIIYZZZZZZZY,-0.010750970518917373
IIZIIIIXZZZZZZZX,-0.010750970518917373
IIYZYIIYZZZZZZZY,0.011551200397959859
IIYZYIIXZZZZZZZX,0.011551200397959859
IIXZXIIYZZZZZZZY,0.011551200397959859
IIXZXIIXZZZZZZZX,0.011551200397959859
IIYZZZYYZZZZZZZY,0.005630189411810399
IIYZZZYXZZZZZZZX,0.005630189411810399
IIXZZZXYZZZZZZZY,0.005630189411810399
IIXZZZXXZZZZZZZX,0.005630189411810399
IIYZZZZXIIXZZZZY,0.015503606620677074
IIYZZZZYIIXZZZZX,-0.015503606620677074
IIXZZZZXIIYZZZZY,-0.015503606620677074
IIXZZZZYIIYZZZZX,0.015503606620677074
IIYZZZZXIIIIXZZY,-0.0015366445683788995
IIYZZZZYIIIIXZZX,0.0015366445683788995
IIXZZZZXIIIIYZZY,0.0015366445683788995
IIXZZZZYIIIIYZZX,-0.0015366445683788995
IIYZZZZXIIIIIIXY,-0.0017531527239698014
IIYZZZZYIIIIIIXX,0.0017531527239698014
IIXZZZZXIIIIIIYY,0.0017531527239698014
IIXZZZZYIIIIIIYX,-0.0017531527239698014
IIZIIIIIZIIIIIII,0.09856692604713477
IIYZZZZZIZYIIIII,-0.010332268753949807
IIXZZZZZIZXIIIII,-0.010332268753949807
IIZIIIIIIZIIIIII,0.11591607741405738
IIYZZZZZZIYIIIII,-0.026800266003075588
IIXZZZZZZIXIIIII,-0.026800266003075588
IIYZZZZZYYZYIIII,0.016467997249125784
IIYZZZZZYXZXIIII,0.016467997249125784
IIXZZZZZXYZYIIII,0.016467997249125784
IIXZZZZZXXZXIIII,0.016467997249125784
IIZIIIIIIIZIIIII,0.09245164460910334
IIZIIIIIIIIZIIII,0.1099846984502634
IIYZZZZZZZYZIIII,-0.006821071514236013
IIXZZZZZZZXZIIII,-0.006821071514236013
IIYZYIIIIIIYZYII,0.025067704627917582
IIYZYIIIIIIXZXII,0.025067704627917582
IIXZXIIIIIIYZYII,0.025067704627917582
IIXZXIIIIIIXZXII,0.025067704627917582
IIYZZZYIIIIYZYII,-0.01052728926269695
IIYZZZYIIIIXZXII,-0.01052728926269695
IIXZZZXIIIIYZYII,-0.01052728926269695
IIXZZZXIIIIXZXII,-0.01052728926269695
IIYZZZZZZZZXXYII,-0.002241938318716888
IIYZZZZZZZZYXXII,0.002241938318716888
IIXZZZZZZZZXYYII,0.002241938318716888
IIXZZZZZZZZYYXII,-0.002241938318716888
IIYZYIIIIIIYZZZY,0.01052728926269686
IIYZYIIIIIIXZZZX,0.01052728926269686
IIXZXIIIIIIYZZZY,0.01052728926269686
IIXZXIIIIIIXZZZX,0.01052728926269686
IIYZZZYIIIIYZZZY,0.025067704627917155
IIYZZZYIIIIXZZZX,0.025067704627917155
IIXZZZXIIIIYZZZY,0.025067704627917155
IIXZZZXIIIIXZZZX,0.025067704627917155
IIYZZZZZZZZXIIXY,-0.0022419383187163877
IIYZZZZZZZZYIIXX,0.0022419383187163877
IIXZZZZZZZZXIIYY,0.0022419383187163877
IIXZZZZZZZZYIIYX,-0.0022419383187163877
IIZIIIIIIIIIZIII,0.10251102366260402
IIYZYIIIIIIIZIII,-0.003084181033913007
IIXZXIIIIIIIZIII,-0.003084181033913007
IIYZYIIIIIIIYZYI,0.0035187319775081593
IIYZYIIIIIIIXZXI,0.003518731977508086
IIXZXIIIIIIIYZYI,0.003518731977508086
IIXZXIIIIIIIXZXI,0.0035187319775081593
IIYZZZYIIIIIZIII,-0.0035187319775086094
IIXZZZXIIIIIZIII,-0.0035187319775086094
IIYZZZYIIIIIYZYI,-0.003084181033913442
IIYZZZYIIIIIXZXI,-0.0030841810339133327
IIXZZZXIIIIIYZYI,-0.0030841810339133327
IIXZZZXIIIIIXZXI,-0.003084181033913442
IIYZZZZZZZYIZIII,-0.013519112346603721
IIXZZZZZZZXIZIII,-0.013519112346603721
IIZIIIIIIIIIIZII,0.11465254245647111
IIYZYIIIIIIIIZII,-0.0046208256022914436
IIXZXIIIIIIIIZII,-0.0046208256022914436
IIYZZZYIIIIIIZII,-0.005271884701477891
IIXZZZXIIIIIIZII,-0.005271884701477891
IIYZZZZZZZYIIZII,-0.011277174027886833
IIXZZZZZZZXIIZII,-0.011277174027886833
IIYZZZZZZZZZYZII,0.002466624064068601
IIXZZZZZZZZZXZII,0.002466624064068601
IIYZZZZZZZZZZIYI,0.007391463035915967
IIXZZZZZZZZZZIXI,0.007391463035915967
IIYZYIIIIIIIIYZY,0.0052718847014768516
IIYZYIIIIIIIIXZX,0.0052718847014768516
IIXZXIIIIIIIIYZY,0.0052718847014768516
IIXZXIIIIIIIIXZX,0.0052718847014768516
IIYZZZYIIIIIIYZY,-0.004620825602292214
IIYZZZYIIIIIIXZX,-0.004620825602292214
IIXZZZXIIIIIIYZY,-0.004620825602292214
IIXZZZXIIIIIIXZX,-0.004620825602292214
IIYZZZZZZZZZYYZY,-0.007391463035915635
IIYZZZZZZZZZYXZX,-0.007391463035915635
IIXZZZZZZZZZXYZY,-0.007391463035915635
IIXZZZZZZZZZXXZX,-0.007391463035915635
IIYZZZZZZZZZZXXY,0.0024666240640686
IIYZZZZZZZZZZYXX,-0.0024666240640686
IIXZZZZZZZZZZXYY,-0.0024666240640686
IIXZZZZZZZZZZYYX,0.0024666240640686
IIZIIIIIIIIIIIZI,0.10251102366260405
IIYZYIIIIIIIIIZI,0.003084181033913627
IIXZXIIIIIIIIIZI,0.003084181033913627
IIYZZZYIIIIIIIZI,0.003518731977509144
IIXZZZXIIIIIIIZI,0.003518731977509144
IIYZZZZZZZYIIIZI,-0.013519112346603765
IIXZZZZZZZXIIIZI,-0.013519112346603765
IIZIIIIIIIIIIIIZ,0.11465254245647113
IIYZYIIIIIIIIIIZ,0.004620825602292655
IIXZXIIIIIIIIIIZ,0.004620825602292655
IIYZZZYIIIIIIIIZ,0.005271884701478945
IIXZZZXIIIIIIIIZ,0.005271884701478945
IIYZZZZZZZYIIIIZ,-0.011277174027887377
IIXZZZZZZZXIIIIZ,-0.011277174027887377
IIYZZZZZZZZZYIIZ,-0.00246662406406844
IIXZZZZZZZZZXIIZ,-0.00246662406406844
IIYZZZZZZZZZZZYZ,-0.007391463035915543
IIXZZZZZZZZZZZXZ,-0.007391463035915543
IIIZZIIIIIIIIIII,0.10987753384893387
IIIYIYIIIIIIIIII,-0.01582693638419561
IIIXIXIIIIIIIIII,-0.01582693638419561
IIIYIZZYIIIIIIII,-0.0008862388095947956
IIIXIZZXIIIIIIII,-0.0008862388095947956
IIIYIZZZZZZYIIII,-0.005328353981201553
IIIXIZZZZZZXIIII,-0.005328353981201553
IIIYIZZZZZZZZYII,0.0055331244375009265
IIIXIZZZZZZZZXII,0.0055331244375009265
IIIYIZZZZZZZZZZY,0.0026969091998221085
IIIXIZZZZZZZZZZX,0.0026969091998221085
IIIYXXYIIIIIIIII,0.0008862388095948068
IIIYYXXIIIIIIIII,-0.0008862388095948068
IIIXXYYIIIIIIIII,-0.0008862388095948068
IIIXYYXIIIIIIIII,0.0008862388095948068
IIIYXIXYIIIIIIII,0.015826936384195633
IIIYYIYYIIIIIIII,0.015826936384195633
IIIXXIXXIIIIIIII,0.015826936384195633
IIIXYIYXIIIIIIII,0.015826936384195633
IIIYXIXZZZZZZYII,0.002696909199821965
IIIYYIYZZZZZZYII,0.002696909199821965
IIIXXIXZZZZZZXII,0.002696909199821965
IIIXYIYZZZZZZXII,0.002696909199821965
IIIYXIXZZZZZZZZY,-0.005533124437500835
IIIYYIYZZZZZZZZY,-0.005533124437500835
IIIXXIXZZZZZZZZX,-0.005533124437500835
IIIXYIYZZZZZZZZX,-0.005533124437500835
IIIYXXZZZZYIIIII,-0.010785894502860598
IIIYYXZZZZXIIIII,0.010785894502860598
IIIXXYZZZZYIIIII,0.010785894502860598
IIIXYYZZZZXIIIII,-0.010785894502860598
IIIYXIIIIIXZZYII,-0.01051374439775714
IIIYYIIIIIYZZYII,-0.01051374439775714
IIIXXIIIIIXZZXII,-0.01051374439775714
IIIXYIIIIIYZZXII,-0.01051374439775714
IIIYXIIIIIXZZZZY,-0.004415291713066701
IIIYYIIIIIYZZZZY,-0.004415291713066701
IIIXXIIIIIXZZZZX,-0.004415291713066701
IIIXYIIIIIYZZZZX,-0.004415291713066701
IIIZYZZZZZZZYIII,-0.010750970518917406
IIIZXZZZZZZZXIII,-0.010750970518917406
IIIYXXZZZZZZYIII,-0.011551200397959743
IIIYYXZZZZZZXIII,0.011551200397959743
IIIXXYZZZZZZYIII,0.011551200397959743
IIIXYYZZZZZZXIII,-0.011551200397959743
IIIYXIIXZZZZYIII,-0.005630189411810116
IIIYYIIXZZZZXIII,0.005630189411810116
IIIXXIIYZZZZYIII,0.005630189411810116
IIIXYIIYZZZZXIII,-0.005630189411810116
IIIYXIIIIIIXYIII,0.0155036066206772
IIIYYIIIIIIXXIII,-0.0155036066206772
IIIXXIIIIIIYYIII,-0.0155036066206772
IIIXYIIIIIIYXIII,0.0155036066206772
IIIYXIIIIIIIXYII,-0.0015366445683784374
IIIYYIIIIIIIYYII,-0.0015366445683784374
IIIXXIIIIIIIXXII,-0.0015366445683784374
IIIXYIIIIIIIYXII,-0.0015366445683784374
IIIYXIIIIIIIXZZY,-0.0017531527239686789
IIIYYIIIIIIIYZZY,-0.0017531527239686789
IIIXXIIIIIIIXZZX,-0.0017531527239686789
IIIXYIIIIIIIYZZX,-0.0017531527239686789
IIIZYZZZZZZZZZYI,-0.00451491583243427
IIIZXZZZZZZZZZXI,-0.00451491583243427
IIIYXXZZZZZZZZYI,-0.00563018941180987
IIIYYXZZZZZZZZXI,0.00563018941180987
IIIXXYZZZZZZZZYI,0.00563018941180987
IIIXYYZZZZZZZZXI,-0.00563018941180987
IIIYXIIXZZZZZZYI,0.011551200397959843
IIIYYIIXZZZZZZXI,-0.011551200397959843
IIIXXIIYZZZZZZYI,-0.011551200397959843
IIIXYIIYZZZZZZXI,0.011551200397959843
IIIYXIIIIIIXZZYI,0.006510805593630858
IIIYYIIIIIIXZZXI,-0.006510805593630858
IIIXXIIIIIIYZZYI,-0.006510805593630858
IIIXYIIIIIIYZZXI,0.006510805593630858
IIIYXIIIIIIIIXYI,0.0017531527239687766
IIIYYIIIIIIIIXXI,-0.0017531527239687766
IIIXXIIIIIIIIYYI,-0.0017531527239687766
IIIXYIIIIIIIIYXI,0.0017531527239687766
IIIYXIIIIIIIIIXY,0.0015366445683790283
IIIYYIIIIIIIIIYY,0.0015366445683790283
IIIXXIIIIIIIIIXX,0.0015366445683790283
IIIXYIIIIIIIIIYX,0.0015366445683790283
IIIZIZIIIIIIIIII,0.0796012018121416
IIIZIYZZZZZZZYII,-0.011436353901167802
IIIZIXZZZZZZZXII,-0.011436353901167802
IIIZIYZZZZZZZZZY,-0.004802745501240877
IIIZIXZZZZZZZZZX,-0.004802745501240877
IIIYZIZZZZZYIIII,-0.01611424848406215
IIIXZIZZZZZXIIII,-0.01611424848406215
IIIYZIZZZZZZZYII,-0.006018075960458814
IIIXZIZZZZZZZXII,-0.006018075960458814
IIIYZIZZZZZZZZZY,-0.0029332802119877606
IIIXZIZZZZZZZZZX,-0.0029332802119877606
IIIYZXIXZZZZZYII,-0.0029332802119881513
IIIYZYIYZZZZZYII,-0.0029332802119881635
IIIXZXIXZZZZZXII,-0.0029332802119881635
IIIXZYIYZZZZZXII,-0.0029332802119881513
IIIYZXIXZZZZZZZY,0.006018075960459008
IIIYZYIYZZZZZZZY,0.0060180759604590225
IIIXZXIXZZZZZZZX,0.0060180759604590225
IIIXZYIYZZZZZZZX,0.006018075960459008
IIIYZXIIIIIXZYII,0.00498986222292006
IIIYZYIIIIIYZYII,0.014553960230160446
IIIYZYIIIIIXZXII,0.009564098007240385
IIIXZXIIIIIYZYII,0.009564098007240385
IIIXZXIIIIIXZXII,0.014553960230160446
IIIXZYIIIIIYZXII,0.00498986222292006
IIIYZXIIIIIXZZZY,0.002095513880564157
IIIYZYIIIIIYZZZY,0.00611199754963016
IIIYZYIIIIIXZZZX,0.004016483669066003
IIIXZXIIIIIYZZZY,0.004016483669066003
IIIXZXIIIIIXZZZX,0.00611199754963016
IIIXZYIIIIIYZZZX,0.002095513880564157
IIIZIIZIIIIIIIII,0.1098775338489337
IIIYZYZIIIIIIIII,0.015826936384195658
IIIXZXZIIIIIIIII,0.015826936384195658
IIIYZZIYIIIIIIII,0.0008862388095948738
IIIXZZIXIIIIIIII,0.0008862388095948738
IIIYZZIZZZZYIIII,-0.005328353981201742
IIIXZZIZZZZXIIII,-0.005328353981201742
IIIYZZIZZZZZZYII,-0.005533124437500812
IIIXZZIZZZZZZXII,-0.005533124437500812
IIIYZZIZZZZZZZZY,-0.0026969091998218413
IIIXZZIZZZZZZZZX,-0.0026969091998218413
IIIYZZXXZZYIIIII,-0.010785894502860069
IIIYZZYXZZXIIIII,0.010785894502860069
IIIXZZXYZZYIIIII,0.010785894502860069
IIIXZZYYZZXIIIII,-0.010785894502860069
IIIYZZXIIIXZZYII,0.004415291713066725
IIIYZZYIIIYZZYII,0.004415291713066725
IIIXZZXIIIXZZXII,0.004415291713066725
IIIXZZYIIIYZZXII,0.004415291713066725
IIIYZZXIIIXZZZZY,-0.010513744397756982
IIIYZZYIIIYZZZZY,-0.010513744397756982
IIIXZZXIIIXZZZZX,-0.010513744397756982
IIIXZZYIIIYZZZZX,-0.010513744397756982
IIIZIIYZZZZZYIII,0.004514915832434245
IIIZIIXZZZZZXIII,0.004514915832434245
IIIYZYYZZZZZYIII,-0.005630189411810129
IIIYZYXZZZZZXIII,-0.005630189411810129
IIIXZXYZZZZZYIII,-0.005630189411810129
IIIXZXXZZZZZXIII,-0.005630189411810129
IIIYZZXXZZZZYIII,0.011551200397960038
IIIYZZYXZZZZXIII,-0.011551200397960038
IIIXZZXYZZZZYIII,-0.011551200397960038
IIIXZZYYZZZZXIII,0.011551200397960038
IIIYZZXIIIIXYIII,-0.006510805593630898
IIIYZZYIIIIXXIII,0.006510805593630898
IIIXZZXIIIIYYIII,0.006510805593630898
IIIXZZYIIIIYXIII,-0.006510805593630898
IIIYZZXIIIIIXYII,-0.0017531527239692823
IIIYZZYIIIIIYYII,-0.0017531527239692823
IIIXZZXIIIIIXXII,-0.0017531527239692823
IIIXZZYIIIIIYXII,-0.0017531527239692823
IIIYZZXIIIIIXZZY,0.0015366445683787542
IIIYZZYIIIIIYZZY,0.0015366445683787542
IIIXZZXIIIIIXZZX,0.0015366445683787542
IIIXZZYIIIIIYZZX,0.0015366445683787542
IIIZIIYZZZZZZZYI,-0.010750970518917373
IIIZIIXZZZZZZZXI,-0.010750970518917373
IIIYZYYZZZZZZZYI,0.011551200397959859
IIIYZYXZZZZZZZXI,0.011551200397959859
IIIXZXYZZZZZZZYI,0.011551200397959859
IIIXZXXZZZZZZZXI,0.011551200397959859
IIIYZZXXZZZZZZYI,0.005630189411810399
IIIYZZYXZZZZZZXI,-0.005630189411810399
IIIXZZXYZZZZZZYI,-0.005630189411810399
IIIXZZYYZZZZZZXI,0.005630189411810399
IIIYZZXIIIIXZZYI,0.015503606620677074
IIIYZZYIIIIXZZXI,-0.015503606620677074
IIIXZZXIIIIYZZYI,-0.015503606620677074
IIIXZZYIIIIYZZXI,0.015503606620677074
IIIYZZXIIIIIIXYI,-0.0015366445683788995
IIIYZZYIIIIIIXXI,0.0015366445683788995
IIIXZZXIIIIIIYYI,0.0015366445683788995
IIIXZZYIIIIIIYXI,-0.0015366445683788995
IIIYZZXIIIIIIIXY,0.0017531527239698017
IIIYZZYIIIIIIIYY,0.0017531527239698017
IIIXZZXIIIIIIIXX,0.0017531527239698017
IIIXZZYIIIIIIIYX,0.0017531527239698017
IIIZIIIZIIIIIIII,0.07960120181214148
IIIZIIIYZZZZZYII,0.0048027455012408515
IIIZIIIXZZZZZXII,0.0048027455012408515
IIIZIIIYZZZZZZZY,-0.011436353901167729
IIIZIIIXZZZZZZZX,-0.011436353901167729
IIIYZZZIZZZYIIII,-0.01611424848406181
IIIXZZZIZZZXIIII,-0.01611424848406181
IIIYZZZIZZZZZYII,0.0060180759604592255
IIIXZZZIZZZZZXII,0.0060180759604592255
IIIYZZZIZZZZZZZY,0.0029332802119885577
IIIXZZZIZZZZZZZX,0.0029332802119885577
IIIYZZZXIIIXZYII,-0.002095513880564173
IIIYZZZYIIIYZYII,-0.006111997549630227
IIIYZZZYIIIXZXII,-0.004016483669066054
IIIXZZZXIIIYZYII,-0.004016483669066054
IIIXZZZXIIIXZXII,-0.006111997549630227
IIIXZZZYIIIYZXII,-0.002095513880564173
IIIYZZZXIIIXZZZY,0.004989862222920088
IIIYZZZYIIIYZZZY,0.01455396023016017
IIIYZZZYIIIXZZZX,0.009564098007240077
IIIXZZZXIIIYZZZY,0.009564098007240077
IIIXZZZXIIIXZZZX,0.01455396023016017
IIIXZZZYIIIYZZZX,0.004989862222920088
IIIZIIIIZIIIIIII,0.11591607741405738
IIIYZZZZIZZYIIII,-0.026800266003075588
IIIXZZZZIZZXIIII,-0.026800266003075588
IIIYZZZZXXYIIIII,0.016467997249125784
IIIYZZZZYXXIIIII,-0.016467997249125784
IIIXZZZZXYYIIIII,-0.016467997249125784
IIIXZZZZYYXIIIII,0.016467997249125784
IIIZIIIIIZIIIIII,0.09856692604713477
IIIYZZZZZIZYIIII,-0.010332268753949807
IIIXZZZZZIZXIIII,-0.010332268753949807
IIIZIIIIIIZIIIII,0.1099846984502634
IIIYZZZZZZIYIIII,-0.006821071514236013
IIIXZZZZZZIXIIII,-0.006821071514236013
IIIYZYIIIIYZYIII,0.025067704627917582
IIIYZYIIIIXZXIII,0.025067704627917582
IIIXZXIIIIYZYIII,0.025067704627917582
IIIXZXIIIIXZXIII,0.025067704627917582
IIIYZZZYIIYZYIII,-0.01052728926269695
IIIYZZZYIIXZXIII,-0.01052728926269695
IIIXZZZXIIYZYIII,-0.01052728926269695
IIIXZZZXIIXZXIII,-0.01052728926269695
IIIYZZZZZZXIXYII,0.002241938318716889
IIIYZZZZZZYIYYII,0.002241938318716889
IIIXZZZZZZXIXXII,0.002241938318716889
IIIXZZZZZZYIYXII,0.002241938318716889
IIIYZYIIIIYZZZYI,0.01052728926269686
IIIYZYIIIIXZZZXI,0.01052728926269686
IIIXZXIIIIYZZZYI,0.01052728926269686
IIIXZXIIIIXZZZXI,0.01052728926269686
IIIYZZZYIIYZZZYI,0.025067704627917155
IIIYZZZYIIXZZZXI,0.025067704627917155
IIIXZZZXIIYZZZYI,0.025067704627917155
IIIXZZZXIIXZZZXI,0.025067704627917155
IIIYZZZZZZXIIIXY,0.0022419383187163872
IIIYZZZZZZYIIIYY,0.0022419383187163872
IIIXZZZZZZXIIIXX,0.0022419383187163872
IIIXZZZZZZYIIIYX,0.0022419383187163872
IIIZIIIIIIIZIIII,0.09245164460910334
IIIZIIIIIIIIZIII,0.11465254245647111
IIIYZYIIIIIIZIII,-0.0046208256022914436
IIIXZXIIIIIIZIII,-0.0046208256022914436
IIIYZZZYIIIIZIII,-0.005271884701477891
IIIXZZZXIIIIZIII,-0.005271884701477891
IIIYZZZZZZZYZIII,-0.011277174027886833
IIIXZZZZZZZXZIII,-0.011277174027886833
IIIYZZZZZZZZIYII,0.002466624064068601
IIIXZZZZZZZZIXII,0.002466624064068601
IIIYZZZZZZZZIZZY,0.007391463035915967
IIIXZZZZZZZZIZZX,0.007391463035915967
IIIYZYIIIIIIYZYI,0.0052718847014768516
IIIYZYIIIIIIXZXI,0.0052718847014768516
IIIXZXIIIIIIYZYI,0.0052718847014768516
IIIXZXIIIIIIXZXI,0.0052718847014768516
IIIYZZZYIIIIYZYI,-0.004620825602292214
IIIYZZZYIIIIXZXI,-0.004620825602292214
IIIXZZZXIIIIYZYI,-0.004620825602292214
IIIXZZZXIIIIXZXI,-0.004620825602292214
IIIYZZZZZZZZXXYI,-0.007391463035915635
IIIYZZZZZZZZYXXI,0.007391463035915635
IIIXZZZZZZZZXYYI,0.007391463035915635
IIIXZZZZZZZZYYXI,-0.007391463035915635
IIIYZZZZZZZZXIXY,-0.0024666240640686
IIIYZZZZZZZZYIYY,-0.0024666240640686
IIIXZZZZZZZZXIXX,-0.0024666240640686
IIIXZZZZZZZZYIYX,-0.0024666240640686
IIIZIIIIIIIIIZII,0.10251102366260402
IIIYZYIIIIIIIZII,-0.003084181033913007
IIIXZXIIIIIIIZII,-0.003084181033913007
IIIYZYIIIIIIIYZY,0.0035187319775081593
IIIYZYIIIIIIIXZX,0.003518731977508086
IIIXZXIIIIIIIYZY,0.003518731977508086
IIIXZXIIIIIIIXZX,0.0035187319775081593
IIIYZZZYIIIIIZII,-0.0035187319775086094
IIIXZZZXIIIIIZII,-0.0035187319775086094
IIIYZZZYIIIIIYZY,-0.003084181033913442
IIIYZZZYIIIIIXZX,-0.0030841810339133327
IIIXZZZXIIIIIYZY,-0.0030841810339133327
IIIXZZZXIIIIIXZX,-0.003084181033913442
IIIYZZZZZZZYIZII,-0.013519112346603721
IIIXZZZZZZZXIZII,-0.013519112346603721
IIIZIIIIIIIIIIZI,0.11465254245647113
IIIYZYIIIIIIIIZI,0.004620825602292655
IIIXZXIIIIIIIIZI,0.004620825602292655
IIIYZZZYIIIIIIZI,0.005271884701478945
IIIXZZZXIIIIIIZI,0.005271884701478945
IIIYZZZZZZZYIIZI,-0.011277174027887377
IIIXZZZZZZZXIIZI,-0.011277174027887377
IIIYZZZZZZZZZYZI,-0.00246662406406844
IIIXZZZZZZZZZXZI,-0.00246662406406844
IIIYZZZZZZZZZZIY,-0.007391463035915544
IIIXZZZZZZZZZZIX,-0.007391463035915544
IIIZIIIIIIIIIIIZ,0.10251102366260405
IIIYZYIIIIIIIIIZ,0.003084181033913627
IIIXZXIIIIIIIIIZ,0.003084181033913627
IIIYZZZYIIIIIIIZ,0.003518731977509144
IIIXZZZXIIIIIIIZ,0.003518731977509144
IIIYZZZZZZZYIIIZ,-0.013519112346603765
IIIXZZZZZZZXIIIZ,-0.013519112346603765
IIIIZZIIIIIIIIII,0.12308112634896738
IIIIYIZZZZYIIIII,0.01010845883342745
IIIIXIZZZZXIIIII,0.01010845883342745
IIIIYIZZZZZZYIII,-0.001421050865568984
IIIIXIZZZZZZXIII,-0.001421050865568984
IIIIYIZZZZZZZZYI,-0.0005967763598983143
IIIIXIZZZZZZZZXI,-0.0005967763598983143
IIIIYXXYIIIIIIII,0.012308166516663416
IIIIYYXXIIIIIIII,-0.012308166516663416
IIIIXXYYIIIIIIII,-0.012308166516663416
IIIIXYYXIIIIIIII,0.012308166516663416
IIIIYXIXZZYIIIII,0.0005660292242232243
IIIIYYIYZZYIIIII,0.0005660292242232243
IIIIXXIXZZXIIIII,0.0005660292242232243
IIIIXYIYZZXIIIII,0.0005660292242232243
IIIIYXIXZZZZYIII,-0.0022880320502935802
IIIIYYIYZZZZYIII,-0.0022880320502935802
IIIIXXIXZZZZXIII,-0.0022880320502935802
IIIIXYIYZZZZXIII,-0.0022880320502935802
IIIIYXIXZZZZZZYI,0.005448288746012239
IIIIYYIYZZZZZZYI,0.005448288746012239
IIIIXXIXZZZZZZXI,0.005448288746012239
IIIIXYIYZZZZZZXI,0.005448288746012239
IIIIYXIIXYIIIIII,0.004444499981302321
IIIIYYIIXXIIIIII,-0.004444499981302321
IIIIXXIIYYIIIIII,-0.004444499981302321
IIIIXYIIYXIIIIII,0.004444499981302321
IIIIZYZZZZZYIIII,0.01010845883342745
IIIIZXZZZZZXIIII,0.01010845883342745
IIIIYXXZZZZYIIII,-0.0005660292242232243
IIIIYYXZZZZXIIII,0.0005660292242232243
IIIIXXYZZZZYIIII,0.0005660292242232243
IIIIXYYZZZZXIIII,-0.0005660292242232243
IIIIYXIIIIXYIIII,0.014788025404000637
IIIIYYIIIIXXIIII,-0.014788025404000637
IIIIXXIIIIYYIIII,-0.014788025404000637
IIIIXYIIIIYXIIII,0.014788025404000637
IIIIYXIIIIIXYIII,-0.006803520128959626
IIIIYYIIIIIYYIII,-0.006803520128959626
IIIIXXIIIIIXXIII,-0.006803520128959626
IIIIXYIIIIIYXIII,-0.006803520128959626
IIIIYXIIIIIXZZYI,-0.0033161148342530132
IIIIYYIIIIIYZZYI,-0.0033161148342530132
IIIIXXIIIIIXZZXI,-0.0033161148342530132
IIIIXYIIIIIYZZXI,-0.0033161148342530132
IIIIZYZZZZZZZYII,-0.001421050865568984
IIIIZXZZZZZZZXII,-0.001421050865568984
IIIIYXXZZZZZZYII,0.0022880320502935802
IIIIYYXZZZZZZXII,-0.0022880320502935802
IIIIXXYZZZZZZYII,-0.0022880320502935802
IIIIXYYZZZZZZXII,0.0022880320502935802
IIIIYXIIIIXZZYII,0.006803520128959626
IIIIYYIIIIXZZXII,-0.006803520128959626
IIIIXXIIIIYZZYII,-0.006803520128959626
IIIIXYIIIIYZZXII,0.006803520128959626
IIIIYXIIIIIIXYII,0.023615787870847203
IIIIYYIIIIIIXXII,-0.023615787870847203
IIIIXXIIIIIIYYII,-0.023615787870847203
IIIIXYIIIIIIYXII,0.023615787870847203
IIIIYXIIIIIIIXYI,-0.006119333188371344
IIIIYYIIIIIIIYYI,-0.006119333188371344
IIIIXXIIIIIIIXXI,-0.006119333188371344
IIIIXYIIIIIIIYXI,-0.006119333188371344
IIIIZYZZZZZZZZZY,-0.0005967763598983142
IIIIZXZZZZZZZZZX,-0.0005967763598983142
IIIIYXXZZZZZZZZY,-0.005448288746012239
IIIIYYXZZZZZZZZX,0.005448288746012239
IIIIXXYZZZZZZZZY,0.005448288746012239
IIIIXYYZZZZZZZZX,-0.005448288746012239
IIIIYXIIIIXZZZZY,0.0033161148342530132
IIIIYYIIIIXZZZZX,-0.0033161148342530132
IIIIXXIIIIYZZZZY,-0.0033161148342530132
IIIIXYIIIIYZZZZX,0.0033161148342530132
IIIIYXIIIIIIXZZY,0.006119333188371344
IIIIYYIIIIIIXZZX,-0.006119333188371344
IIIIXXIIIIIIYZZY,-0.006119333188371344
IIIIXYIIIIIIYZZX,0.006119333188371344
IIIIYXIIIIIIIIXY,0.011614199951960644
IIIIYYIIIIIIIIXX,-0.011614199951960644
IIIIXXIIIIIIIIYY,-0.011614199951960644
IIIIXYIIIIIIIIYX,0.011614199951960644
IIIIZIZIIIIIIIII,0.086156626798977
IIIIZIYZZZZZYIII,0.0074608725107787625
IIIIZIXZZZZZXIII,0.0074608725107787625
IIIIZIYZZZZZZZYI,-0.01776591710360555
IIIIZIXZZZZZZZXI,-0.01776591710360555
IIIIYZIZZZZZYIII,-0.017765917103605616
IIIIXZIZZZZZXIII,-0.017765917103605616
IIIIYZIZZZZZZZYI,-0.0074608725107787426
IIIIXZIZZZZZZZXI,-0.0074608725107787426
IIIIYZXIIIIIXZYI,0.0010663664378313138
IIIIYZYIIIIIYZYI,0.00026139924429332845
IIIIYZYIIIIIXZXI,-0.0008049671935379858
IIIIXZXIIIIIYZYI,-0.0008049671935379858
IIIIXZXIIIIIXZXI,0.00026139924429332845
IIIIXZYIIIIIYZXI,0.0010663664378313138
IIIIZIIZIIIIIIII,0.0984647933156404
IIIIYZZIZZYIIIII,-0.010108458833427807
IIIIXZZIZZXIIIII,-0.010108458833427807
IIIIYZZIZZZZYIII,-0.012317628357593188
IIIIXZZIZZZZXIII,-0.012317628357593188
IIIIYZZIZZZZZZYI,-0.005172840460484891
IIIIXZZIZZZZZZXI,-0.005172840460484891
IIIIZIIYZZZYIIII,0.0005660292242228636
IIIIZIIXZZZXIIII,0.0005660292242228636
IIIIYZYYZZZYIIII,0.010108458833427385
IIIIYZYXZZZXIIII,0.010108458833427385
IIIIXZXYZZZYIIII,0.010108458833427385
IIIIXZXXZZZXIIII,0.010108458833427385
IIIIYZZXIIIXYIII,-0.0033161148342530887
IIIIYZZYIIIYYIII,-0.0033161148342530887
IIIIXZZXIIIXXIII,-0.0033161148342530887
IIIIXZZYIIIYXIII,-0.0033161148342530887
IIIIYZZXIIIXZZYI,0.006803520128959149
IIIIYZZYIIIYZZYI,0.006803520128959149
IIIIXZZXIIIXZZXI,0.006803520128959149
IIIIXZZYIIIYZZXI,0.006803520128959149
IIIIZIIYZZZZZYII,0.005172840460485183
IIIIZIIXZZZZZXII,0.005172840460485183
IIIIYZYYZZZZZYII,-0.005448288746012426
IIIIYZYXZZZZZXII,-0.005448288746012426
IIIIXZXYZZZZZYII,-0.005448288746012426
IIIIXZXXZZZZZXII,-0.005448288746012426
IIIIYZZXIIXZZYII,0.0033161148342530627
IIIIYZZYIIXZZXII,-0.0033161148342530627
IIIIXZZXIIYZZYII,-0.0033161148342530627
IIIIXZZYIIYZZXII,0.0033161148342530627
IIIIYZZXIIIIXYII,-0.006119333188371612
IIIIYZZYIIIIXXII,0.006119333188371612
IIIIXZZXIIIIYYII,0.006119333188371612
IIIIXZZYIIIIYXII,-0.006119333188371612
IIIIYZZXIIIIIXYI,-0.005467610740527608
IIIIYZZYIIIIIYYI,-0.005467610740527608
IIIIXZZXIIIIIXXI,-0.005467610740527608
IIIIXZZYIIIIIYXI,-0.005467610740527608
IIIIZIIYZZZZZZZY,-0.012317628357593313
IIIIZIIXZZZZZZZX,-0.012317628357593313
IIIIYZYYZZZZZZZY,-0.002288032050293851
IIIIYZYXZZZZZZZX,-0.002288032050293851
IIIIXZXYZZZZZZZY,-0.002288032050293851
IIIIXZXXZZZZZZZX,-0.002288032050293851
IIIIYZZXIIXZZZZY,-0.006803520128959121
IIIIYZZYIIXZZZZX,0.006803520128959121
IIIIXZZXIIYZZZZY,0.006803520128959121
IIIIXZZYIIYZZZZX,-0.006803520128959121
IIIIYZZXIIIIXZZY,0.006533977178358924
IIIIYZZYIIIIXZZX,-0.006533977178358924
IIIIXZZXIIIIYZZY,-0.006533977178358924
IIIIXZZYIIIIYZZX,0.006533977178358924
IIIIYZZXIIIIIIXY,0.006119333188371872
IIIIYZZYIIIIIIXX,-0.006119333188371872
IIIIXZZXIIIIIIYY,-0.006119333188371872
IIIIXZZYIIIIIIYX,0.006119333188371872
IIIIZIIIZIIIIIII,0.10422065463966013
IIIIYZZZIZZZYIII,-0.01861944947463648
IIIIXZZZIZZZXIII,-0.01861944947463648
IIIIYZZZIZZZZZYI,-0.007819317063173493
IIIIXZZZIZZZZZXI,-0.007819317063173493
IIIIZIIIIZIIIIII,0.10866515462096243
IIIIYZZZZIZZYIII,-0.022369130315133455
IIIIXZZZZIZZXIII,-0.022369130315133455
IIIIYZZZZIZZZZYI,-0.009394011493182964
IIIIXZZZZIZZZZXI,-0.009394011493182964
IIIIYZZZYYZZZYII,0.0037496808404969763
IIIIYZZZYXZZZXII,0.0037496808404969763
IIIIXZZZXYZZZYII,0.0037496808404969763
IIIIXZZZXXZZZXII,0.0037496808404969763
IIIIYZZZYYZZZZZY,0.0015746944300094703
IIIIYZZZYXZZZZZX,0.0015746944300094703
IIIIXZZZXYZZZZZY,0.0015746944300094703
IIIIXZZZXXZZZZZX,0.0015746944300094703
IIIIZIIIIIZIIIII,0.09493209325486232
IIIIZIIIIIYZYIII,-0.006157499889900417
IIIIZIIIIIXZXIII,-0.006157499889900417
IIIIZIIIIIYZZZYI,-0.0030012370566666856
IIIIZIIIIIXZZZXI,-0.0030012370566666856
IIIIYZYIIIYZYIII,0.003001237056666584
IIIIYZYIIIXZXIII,0.0030012370566666014
IIIIXZXIIIYZYIII,0.0030012370566666014
IIIIXZXIIIXZXIII,0.003001237056666584
IIIIYZYIIIYZZZYI,-0.006157499889900396
IIIIYZYIIIXZZZXI,-0.006157499889900415
IIIIXZXIIIYZZZYI,-0.006157499889900415
IIIIXZXIIIXZZZXI,-0.006157499889900396
IIIIYZZZZZIZYIII,-0.01698154745130281
IIIIXZZZZZIZXIII,-0.01698154745130281
IIIIYZZZZZIZZZYI,-0.007131473136514752
IIIIXZZZZZIZZZXI,-0.007131473136514752
IIIIZIIIIIIZIIII,0.10972011865886296
IIIIYZZZZZZIYIII,-0.006322293472838622
IIIIXZZZZZZIXIII,-0.006322293472838622
IIIIYZZZZZZIZZYI,-0.002655074055648534
IIIIXZZZZZZIZZXI,-0.002655074055648534
IIIIZIIIIIIYZYII,-0.012961020018860044
IIIIZIIIIIIXZXII,-0.012961020018860044
IIIIYZYIIIIYZYII,0.0063173518909196685
IIIIYZYIIIIXZXII,0.0063173518909196685
IIIIXZXIIIIYZYII,0.0063173518909196685
IIIIXZXIIIIXZXII,0.0063173518909196685
IIIIYZZZZZYYZYII,-0.01065925397846419
IIIIYZZZZZYXZXII,-0.01065925397846419
IIIIXZZZZZXYZYII,-0.01065925397846419
IIIIXZZZZZXXZXII,-0.01065925397846419
IIIIYZZZZZZXXYII,-0.008747723087378187
IIIIYZZZZZZYXXII,0.008747723087378187
IIIIXZZZZZZXYYII,0.008747723087378187
IIIIXZZZZZZYYXII,-0.008747723087378187
IIIIYZZZZZZXIXYI,0.009980248441801247
IIIIYZZZZZZYIYYI,0.009980248441801247
IIIIXZZZZZZXIXXI,0.009980248441801247
IIIIXZZZZZZYIYXI,0.009980248441801247
IIIIZIIIIIIYZZZY,-0.006317351890919699
IIIIZIIIIIIXZZZX,-0.006317351890919699
IIIIYZYIIIIYZZZY,-0.012961020018859539
IIIIYZYIIIIXZZZX,-0.012961020018859539
IIIIXZXIIIIYZZZY,-0.012961020018859539
IIIIXZXIIIIXZZZX,-0.012961020018859539
IIIIYZZZZZYYZZZY,-0.004476399080866217
IIIIYZZZZZYXZZZX,-0.004476399080866217
IIIIXZZZZZXYZZZY,-0.004476399080866217
IIIIXZZZZZXXZZZX,-0.004476399080866217
IIIIYZZZZZZXXZZY,-0.009980248441801232
IIIIYZZZZZZYXZZX,0.009980248441801232
IIIIXZZZZZZXYZZY,0.009980248441801232
IIIIXZZZZZZYYZZX,-0.009980248441801232
IIIIYZZZZZZXIIXY,0.008747723087378435
IIIIYZZZZZZYIIXX,-0.008747723087378435
IIIIXZZZZZZXIIYY,-0.008747723087378435
IIIIXZZZZZZYIIYX,0.008747723087378435
IIIIZIIIIIIIZIII,0.09634753292366226
IIIIZIIIIIIIYZYI,0.00027715277465208826
IIIIZIIIIIIIXZXI,0.00027715277465208826
IIIIYZYIIIIIZIII,-0.00027715277465180594
IIIIXZXIIIIIZIII,-0.00027715277465180594
IIIIYZZZZZYIZIII,-0.0026238253758042976
IIIIXZZZZZXIZIII,-0.0026238253758042976
IIIIYZZZZZYIYZYI,0.0029935137242980475
IIIIYZZZZZYIXZXI,0.002993513724298037
IIIIXZZZZZXIYZYI,0.002993513724298037
IIIIXZZZZZXIXZXI,0.0029935137242980475
IIIIYZZZZZZZIZYI,-0.0073684547051124875
IIIIXZZZZZZZIZXI,-0.0073684547051124875
IIIIZIIIIIIIIZII,0.11996332079450946
IIIIYZYIIIIIIZII,0.005842180413719806
IIIIXZXIIIIIIZII,0.005842180413719806
IIIIYZZZZZYIIZII,0.00612389771157389
IIIIXZZZZZXIIZII,0.00612389771157389
IIIIYZZZZZZZYZII,-0.0098813400604954
IIIIXZZZZZZZXZII,-0.0098813400604954
IIIIYZZZZZZZZIYI,-0.006295540076647315
IIIIXZZZZZZZZIXI,-0.006295540076647315
IIIIZIIIIIIIIYZY,-0.005842180413719256
IIIIZIIIIIIIIXZX,-0.005842180413719256
IIIIYZYIIIIIIYZY,0.005729009984820938
IIIIYZYIIIIIIXZX,0.005729009984820938
IIIIXZXIIIIIIYZY,0.005729009984820938
IIIIXZXIIIIIIXZX,0.005729009984820938
IIIIYZZZZZYIIYZY,-0.006986734717503198
IIIIYZZZZZYIIXZX,-0.006986734717503198
IIIIXZZZZZXIIYZY,-0.006986734717503198
IIIIXZZZZZXIIXZX,-0.006986734717503198
IIIIYZZZZZZZYYZY,-0.0010729146284651728
IIIIYZZZZZZZYXZX,-0.0010729146284651728
IIIIXZZZZZZZXYZY,-0.0010729146284651728
IIIIXZZZZZZZXXZX,-0.0010729146284651728
IIIIYZZZZZZZZXXY,-0.002554836893543674
IIIIYZZZZZZZZYXX,0.002554836893543674
IIIIXZZZZZZZZXYY,0.002554836893543674
IIIIXZZZZZZZZYYX,-0.002554836893543674
IIIIZIIIIIIIIIZI,0.09689110087290695
IIIIYZYIIIIIIIZI,0.00027715277465154963
IIIIXZXIIIIIIIZI,0.00027715277465154963
IIIIYZZZZZYIIIZI,0.002623825375803454
IIIIXZZZZZXIIIZI,0.002623825375803454
IIIIYZZZZZZZYIZI,-0.01754585074112716
IIIIXZZZZZZZXIZI,-0.01754585074112716
IIIIZIIIIIIIIIIZ,0.10850530082486759
IIIIYZYIIIIIIIIZ,-0.0058421804137203225
IIIIXZXIIIIIIIIZ,-0.0058421804137203225
IIIIYZZZZZYIIIIZ,-0.006123897711574983
IIIIXZZZZZXIIIIZ,-0.006123897711574983
IIIIYZZZZZZZYIIZ,-0.01499101384758349
IIIIXZZZZZZZXIIZ,-0.01499101384758349
IIIIYZZZZZZZZZYZ,-0.004149710819715101
IIIIXZZZZZZZZZXZ,-0.004149710819715101
IIIIIZZIIIIIIIII,0.0984647933156404
IIIIIYIZZZZYIIII,-0.010108458833427807
IIIIIXIZZZZXIIII,-0.010108458833427807
IIIIIYIZZZZZZYII,-0.012317628357593188
IIIIIXIZZZZZZXII,-0.012317628357593188
IIIIIYIZZZZZZZZY,-0.005172840460484891
IIIIIXIZZZZZZZZX,-0.005172840460484891
IIIIIZYZZZYIIIII,0.0005660292242228636
IIIIIZXZZZXIIIII,0.0005660292242228636
IIIIIYXXZZYIIIII,0.010108458833427383
IIIIIYYXZZXIIIII,-0.010108458833427383
IIIIIXXYZZYIIIII,-0.010108458833427383
IIIIIXYYZZXIIIII,0.010108458833427383
IIIIIYXIIIXZZYII,-0.0033161148342530887
IIIIIYYIIIYZZYII,-0.0033161148342530887
IIIIIXXIIIXZZXII,-0.0033161148342530887
IIIIIXYIIIYZZXII,-0.0033161148342530887
IIIIIYXIIIXZZZZY,0.006803520128959149
IIIIIYYIIIYZZZZY,0.006803520128959149
IIIIIXXIIIXZZZZX,0.006803520128959149
IIIIIXYIIIYZZZZX,0.006803520128959149
IIIIIZYZZZZZYIII,0.005172840460485183
IIIIIZXZZZZZXIII,0.005172840460485183
IIIIIYXXZZZZYIII,-0.005448288746012426
IIIIIYYXZZZZXIII,0.005448288746012426
IIIIIXXYZZZZYIII,0.005448288746012426
IIIIIXYYZZZZXIII,-0.005448288746012426
IIIIIYXIIIIXYIII,0.0033161148342530627
IIIIIYYIIIIXXIII,-0.0033161148342530627
IIIIIXXIIIIYYIII,-0.0033161148342530627
IIIIIXYIIIIYXIII,0.0033161148342530627
IIIIIYXIIIIIXYII,0.006119333188371612
IIIIIYYIIIIIYYII,0.006119333188371612
IIIIIXXIIIIIXXII,0.006119333188371612
IIIIIXYIIIIIYXII,0.006119333188371612
IIIIIYXIIIIIXZZY,-0.005467610740527608
IIIIIYYIIIIIYZZY,-0.005467610740527608
IIIIIXXIIIIIXZZX,-0.005467610740527608
IIIIIXYIIIIIYZZX,-0.005467610740527608
IIIIIZYZZZZZZZYI,-0.012317628357593313
IIIIIZXZZZZZZZXI,-0.012317628357593313
IIIIIYXXZZZZZZYI,-0.002288032050293851
IIIIIYYXZZZZZZXI,0.002288032050293851
IIIIIXXYZZZZZZYI,0.002288032050293851
IIIIIXYYZZZZZZXI,-0.002288032050293851
IIIIIYXIIIIXZZYI,-0.006803520128959121
IIIIIYYIIIIXZZXI,0.006803520128959121
IIIIIXXIIIIYZZYI,0.006803520128959121
IIIIIXYIIIIYZZXI,-0.006803520128959121
IIIIIYXIIIIIIXYI,0.006533977178358924
IIIIIYYIIIIIIXXI,-0.006533977178358924
IIIIIXXIIIIIIYYI,-0.006533977178358924
IIIIIXYIIIIIIYXI,0.006533977178358924
IIIIIYXIIIIIIIXY,-0.006119333188371871
IIIIIYYIIIIIIIYY,-0.006119333188371871
IIIIIXXIIIIIIIXX,-0.006119333188371871
IIIIIXYIIIIIIIYX,-0.006119333188371871
IIIIIZIZIIIIIIII,0.086156626798977
IIIIIZIYZZZZZYII,0.0074608725107787625
IIIIIZIXZZZZZXII,0.0074608725107787625
IIIIIZIYZZZZZZZY,-0.01776591710360555
IIIIIZIXZZZZZZZX,-0.01776591710360555
IIIIIYZIZZZZZYII,-0.017765917103605616
IIIIIXZIZZZZZXII,-0.017765917103605616
IIIIIYZIZZZZZZZY,-0.0074608725107787426
IIIIIXZIZZZZZZZX,-0.0074608725107787426
IIIIIYZXIIIIIXZY,0.0010663664378313138
IIIIIYZYIIIIIYZY,0.00026139924429332845
IIIIIYZYIIIIIXZX,-0.0008049671935379858
IIIIIXZXIIIIIYZY,-0.0008049671935379858
IIIIIXZXIIIIIXZX,0.00026139924429332845
IIIIIXZYIIIIIYZX,0.0010663664378313138
IIIIIZIIZIIIIIII,0.10866515462096243
IIIIIYZZIZZZZYII,-0.022369130315133455
IIIIIXZZIZZZZXII,-0.022369130315133455
IIIIIYZZIZZZZZZY,-0.009394011493182964
IIIIIXZZIZZZZZZX,-0.009394011493182964
IIIIIYZZXXZZYIII,0.0037496808404969767
IIIIIYZZYXZZXIII,-0.0037496808404969767
IIIIIXZZXYZZYIII,-0.0037496808404969767
IIIIIXZZYYZZXIII,0.0037496808404969767
IIIIIYZZXXZZZZYI,0.0015746944300094703
IIIIIYZZYXZZZZXI,-0.0015746944300094703
IIIIIXZZXYZZZZYI,-0.0015746944300094703
IIIIIXZZYYZZZZXI,0.0015746944300094703
IIIIIZIIIZIIIIII,0.10422065463966013
IIIIIYZZZIZZZYII,-0.01861944947463648
IIIIIXZZZIZZZXII,-0.01861944947463648
IIIIIYZZZIZZZZZY,-0.007819317063173493
IIIIIXZZZIZZZZZX,-0.007819317063173493
IIIIIZIIIIZIIIII,0.10972011865886296
IIIIIYZZZZIZZYII,-0.006322293472838622
IIIIIXZZZZIZZXII,-0.006322293472838622
IIIIIYZZZZIZZZZY,-0.002655074055648534
IIIIIXZZZZIZZZZX,-0.002655074055648534
IIIIIZIIIIYZYIII,-0.012961020018860044
IIIIIZIIIIXZXIII,-0.012961020018860044
IIIIIYZYIIYZYIII,0.0063173518909196685
IIIIIYZYIIXZXIII,0.0063173518909196685
IIIIIXZXIIYZYIII,0.0063173518909196685
IIIIIXZXIIXZXIII,0.0063173518909196685
IIIIIYZZZZXXYIII,-0.01065925397846419
IIIIIYZZZZYXXIII,0.01065925397846419
IIIIIXZZZZXYYIII,0.01065925397846419
IIIIIXZZZZYYXIII,-0.01065925397846419
IIIIIYZZZZXIXYII,0.008747723087378187
IIIIIYZZZZYIYYII,0.008747723087378187
IIIIIXZZZZXIXXII,0.008747723087378187
IIIIIXZZZZYIYXII,0.008747723087378187
IIIIIYZZZZXIXZZY,0.009980248441801247
IIIIIYZZZZYIYZZY,0.009980248441801247
IIIIIXZZZZXIXZZX,0.009980248441801247
IIIIIXZZZZYIYZZX,0.009980248441801247
IIIIIZIIIIYZZZYI,-0.006317351890919699
IIIIIZIIIIXZZZXI,-0.006317351890919699
IIIIIYZYIIYZZZYI,-0.012961020018859539
IIIIIYZYIIXZZZXI,-0.012961020018859539
IIIIIXZXIIYZZZYI,-0.012961020018859539
IIIIIXZXIIXZZZXI,-0.012961020018859539
IIIIIYZZZZXXZZYI,-0.004476399080866217
IIIIIYZZZZYXZZXI,0.004476399080866217
IIIIIXZZZZXYZZYI,0.004476399080866217
IIIIIXZZZZYYZZXI,-0.004476399080866217
IIIIIYZZZZXIIXYI,-0.009980248441801232
IIIIIYZZZZYIIXXI,0.009980248441801232
IIIIIXZZZZXIIYYI,0.009980248441801232
IIIIIXZZZZYIIYXI,-0.009980248441801232
IIIIIYZZZZXIIIXY,-0.008747723087378435
IIIIIYZZZZYIIIYY,-0.008747723087378435
IIIIIXZZZZXIIIXX,-0.008747723087378435
IIIIIXZZZZYIIIYX,-0.008747723087378435
IIIIIZIIIIIZIIII,0.09493209325486232
IIIIIZIIIIIYZYII,-0.006157499889900417
IIIIIZIIIIIXZXII,-0.006157499889900417
IIIIIZIIIIIYZZZY,-0.0030012370566666856
IIIIIZIIIIIXZZZX,-0.0030012370566666856
IIIIIYZYIIIYZYII,0.003001237056666584
IIIIIYZYIIIXZXII,0.0030012370566666014
IIIIIXZXIIIYZYII,0.0030012370566666014
IIIIIXZXIIIXZXII,0.003001237056666584
IIIIIYZYIIIYZZZY,-0.006157499889900396
IIIIIYZYIIIXZZZX,-0.006157499889900415
IIIIIXZXIIIYZZZY,-0.006157499889900415
IIIIIXZXIIIXZZZX,-0.006157499889900396
IIIIIYZZZZZIZYII,-0.01698154745130281
IIIIIXZZZZZIZXII,-0.01698154745130281
IIIIIYZZZZZIZZZY,-0.007131473136514752
IIIIIXZZZZZIZZZX,-0.007131473136514752
IIIIIZIIIIIIZIII,0.11996332079450946
IIIIIYZYIIIIZIII,0.005842180413719806
IIIIIXZXIIIIZIII,0.005842180413719806
IIIIIYZZZZZYZIII,0.00612389771157389
IIIIIXZZZZZXZIII,0.00612389771157389
IIIIIYZZZZZZIYII,-0.0098813400604954
IIIIIXZZZZZZIXII,-0.0098813400604954
IIIIIYZZZZZZIZZY,-0.006295540076647315
IIIIIXZZZZZZIZZX,-0.006295540076647315
IIIIIZIIIIIIYZYI,-0.005842180413719256
IIIIIZIIIIIIXZXI,-0.005842180413719256
IIIIIYZYIIIIYZYI,0.005729009984820938
IIIIIYZYIIIIXZXI,0.005729009984820938
IIIIIXZXIIIIYZYI,0.005729009984820938
IIIIIXZXIIIIXZXI,0.005729009984820938
IIIIIYZZZZZYYZYI,-0.006986734717503198
IIIIIYZZZZZYXZXI,-0.006986734717503198
IIIIIXZZZZZXYZYI,-0.006986734717503198
IIIIIXZZZZZXXZXI,-0.006986734717503198
IIIIIYZZZZZZXXYI,-0.0010729146284651726
IIIIIYZZZZZZYXXI,0.0010729146284651726
IIIIIXZZZZZZXYYI,0.0010729146284651726
IIIIIXZZZZZZYYXI,-0.0010729146284651726
IIIIIYZZZZZZXIXY,0.002554836893543674
IIIIIYZZZZZZYIYY,0.002554836893543674
IIIIIXZZZZZZXIXX,0.002554836893543674
IIIIIXZZZZZZYIYX,0.002554836893543674
IIIIIZIIIIIIIZII,0.09634753292366226
IIIIIZIIIIIIIYZY,0.00027715277465208826
IIIIIZIIIIIIIXZX,0.00027715277465208826
IIIIIYZYIIIIIZII,-0.00027715277465180594
IIIIIXZXIIIIIZII,-0.00027715277465180594
IIIIIYZZZZZYIZII,-0.0026238253758042976
IIIIIXZZZZZXIZII,-0.0026238253758042976
IIIIIYZZZZZYIYZY,0.0029935137242980475
IIIIIYZZZZZYIXZX,0.002993513724298037
IIIIIXZZZZZXIYZY,0.002993513724298037
IIIIIXZZZZZXIXZX,0.0029935137242980475
IIIIIYZZZZZZZIZY,-0.0073684547051124875
IIIIIXZZZZZZZIZX,-0.0073684547051124875
IIIIIZIIIIIIIIZI,0.10850530082486759
IIIIIYZYIIIIIIZI,-0.0058421804137203225
IIIIIXZXIIIIIIZI,-0.0058421804137203225
IIIIIYZZZZZYIIZI,-0.006123897711574983
IIIIIXZZZZZXIIZI,-0.006123897711574983
IIIIIYZZZZZZZYZI,-0.01499101384758349
IIIIIXZZZZZZZXZI,-0.01499101384758349
IIIIIYZZZZZZZZIY,-0.004149710819715101
IIIIIXZZZZZZZZIX,-0.004149710819715101
IIIIIZIIIIIIIIIZ,0.09689110087290695
IIIIIYZYIIIIIIIZ,0.00027715277465154963
IIIIIXZXIIIIIIIZ,0.00027715277465154963
IIIIIYZZZZZYIIIZ,0.002623825375803454
IIIIIXZZZZZXIIIZ,0.002623825375803454
IIIIIYZZZZZZZYIZ,-0.01754585074112716
IIIIIXZZZZZZZXIZ,-0.01754585074112716
IIIIIIZZIIIIIIII,0.12308112634896712
IIIIIIYIZZYIIIII,-0.0005660292242231878
IIIIIIXIZZXIIIII,-0.0005660292242231878
IIIIIIYIZZZZYIII,0.0005967763598980601
IIIIIIXIZZZZXIII,0.0005967763598980601
IIIIIIYIZZZZZZYI,-0.0014210508655686466
IIIIIIXIZZZZZZXI,-0.0014210508655686466
IIIIIIYXXYIIIIII,0.004444499981302298
IIIIIIYYXXIIIIII,-0.004444499981302298
IIIIIIXXYYIIIIII,-0.004444499981302298
IIIIIIXYYXIIIIII,0.004444499981302298
IIIIIIZYZZZYIIII,-0.0005660292242231877
IIIIIIZXZZZXIIII,-0.0005660292242231877
IIIIIIYXIIXYIIII,0.014788025403999967
IIIIIIYYIIXXIIII,-0.014788025403999967
IIIIIIXXIIYYIIII,-0.014788025403999967
IIIIIIXYIIYXIIII,0.014788025403999967
IIIIIIYXIIIXYIII,0.006803520128959588
IIIIIIYYIIIYYIII,0.006803520128959588
IIIIIIXXIIIXXIII,0.006803520128959588
IIIIIIXYIIIYXIII,0.006803520128959588
IIIIIIYXIIIXZZYI,0.0033161148342529066
IIIIIIYYIIIYZZYI,0.0033161148342529066
IIIIIIXXIIIXZZXI,0.0033161148342529066
IIIIIIXYIIIYZZXI,0.0033161148342529066
IIIIIIZYZZZZZYII,0.0005967763598980601
IIIIIIZXZZZZZXII,0.0005967763598980601
IIIIIIYXIIXZZYII,-0.006803520128959588
IIIIIIYYIIXZZXII,0.006803520128959588
IIIIIIXXIIYZZYII,0.006803520128959588
IIIIIIXYIIYZZXII,-0.006803520128959588
IIIIIIYXIIIIXYII,0.011614199951961012
IIIIIIYYIIIIXXII,-0.011614199951961012
IIIIIIXXIIIIYYII,-0.011614199951961012
IIIIIIXYIIIIYXII,0.011614199951961012
IIIIIIYXIIIIIXYI,0.006119333188371309
IIIIIIYYIIIIIYYI,0.006119333188371309
IIIIIIXXIIIIIXXI,0.006119333188371309
IIIIIIXYIIIIIYXI,0.006119333188371309
IIIIIIZYZZZZZZZY,-0.0014210508655686466
IIIIIIZXZZZZZZZX,-0.0014210508655686466
IIIIIIYXIIXZZZZY,-0.0033161148342529066
IIIIIIYYIIXZZZZX,0.0033161148342529066
IIIIIIXXIIYZZZZY,0.0033161148342529066
IIIIIIXYIIYZZZZX,-0.0033161148342529066
IIIIIIYXIIIIXZZY,-0.006119333188371309
IIIIIIYYIIIIXZZX,0.006119333188371309
IIIIIIXXIIIIYZZY,0.006119333188371309
IIIIIIXYIIIIYZZX,-0.006119333188371309
IIIIIIYXIIIIIIXY,0.02361578787084753
IIIIIIYYIIIIIIXX,-0.02361578787084753
IIIIIIXXIIIIIIYY,-0.02361578787084753
IIIIIIXYIIIIIIYX,0.02361578787084753
IIIIIIZIZIIIIIII,0.10422065463965993
IIIIIIYZIZZZYIII,0.007819317063173504
IIIIIIXZIZZZXIII,0.007819317063173504
IIIIIIYZIZZZZZYI,-0.018619449474636403
IIIIIIXZIZZZZZXI,-0.018619449474636403
IIIIIIZIIZIIIIII,0.10866515462096223
IIIIIIYZZIZZYIII,0.009394011493182973
IIIIIIXZZIZZXIII,0.009394011493182973
IIIIIIYZZIZZZZYI,-0.02236913031513338
IIIIIIXZZIZZZZXI,-0.02236913031513338
IIIIIIYZYYZZZYII,-0.001574694430009469
IIIIIIYZYXZZZXII,-0.001574694430009469
IIIIIIXZXYZZZYII,-0.001574694430009469
IIIIIIXZXXZZZXII,-0.001574694430009469
IIIIIIYZYYZZZZZY,0.0037496808404969724
IIIIIIYZYXZZZZZX,0.0037496808404969724
IIIIIIXZXYZZZZZY,0.0037496808404969724
IIIIIIXZXXZZZZZX,0.0037496808404969724
IIIIIIZIIIZIIIII,0.09493209325486145
IIIIIIZIIIYZYIII,0.0061574998899003525
IIIIIIZIIIXZXIII,0.0061574998899003525
IIIIIIZIIIYZZZYI,0.0030012370566665746
IIIIIIZIIIXZZZXI,0.0030012370566665746
IIIIIIYZZZIZYIII,0.007131473136514714
IIIIIIXZZZIZXIII,0.007131473136514714
IIIIIIYZZZIZZZYI,-0.01698154745130299
IIIIIIXZZZIZZZXI,-0.01698154745130299
IIIIIIZIIIIZIIII,0.1097201186588614
IIIIIIYZZZZIYIII,0.0026550740556481895
IIIIIIXZZZZIXIII,0.0026550740556481895
IIIIIIYZZZZIZZYI,-0.006322293472840024
IIIIIIXZZZZIZZXI,-0.006322293472840024
IIIIIIZIIIIYZYII,0.012961020018859943
IIIIIIZIIIIXZXII,0.012961020018859943
IIIIIIYZZZYYZYII,0.004476399080866524
IIIIIIYZZZYXZXII,0.004476399080866524
IIIIIIXZZZXYZYII,0.004476399080866524
IIIIIIXZZZXXZXII,0.004476399080866524
IIIIIIYZZZZXXYII,-0.009980248441801674
IIIIIIYZZZZYXXII,0.009980248441801674
IIIIIIXZZZZXYYII,0.009980248441801674
IIIIIIXZZZZYYXII,-0.009980248441801674
IIIIIIYZZZZXIXYI,-0.008747723087378385
IIIIIIYZZZZYIYYI,-0.008747723087378385
IIIIIIXZZZZXIXXI,-0.008747723087378385
IIIIIIXZZZZYIYXI,-0.008747723087378385
IIIIIIZIIIIYZZZY,0.006317351890919481
IIIIIIZIIIIXZZZX,0.006317351890919481
IIIIIIYZZZYYZZZY,-0.010659253978462969
IIIIIIYZZZYXZZZX,-0.010659253978462969
IIIIIIXZZZXYZZZY,-0.010659253978462969
IIIIIIXZZZXXZZZX,-0.010659253978462969
IIIIIIYZZZZXXZZY,0.008747723087378376
IIIIIIYZZZZYXZZX,-0.008747723087378376
IIIIIIXZZZZXYZZY,-0.008747723087378376
IIIIIIXZZZZYYZZX,0.008747723087378376
IIIIIIYZZZZXIIXY,0.009980248441801919
IIIIIIYZZZZYIIXX,-0.009980248441801919
IIIIIIXZZZZXIIYY,-0.009980248441801919
IIIIIIXZZZZYIIYX,0.009980248441801919
IIIIIIZIIIIIZIII,0.09689110087290706
IIIIIIZIIIIIYZYI,-0.00027715277465208913
IIIIIIZIIIIIXZXI,-0.00027715277465208913
IIIIIIYZZZYIZIII,-0.002993513724298462
IIIIIIXZZZXIZIII,-0.002993513724298462
IIIIIIYZZZYIYZYI,-0.0026238253758039134
IIIIIIYZZZYIXZXI,-0.0026238253758039077
IIIIIIXZZZXIYZYI,-0.0026238253758039077
IIIIIIXZZZXIXZXI,-0.0026238253758039134
IIIIIIYZZZZZIZYI,-0.01754585074112677
IIIIIIXZZZZZIZXI,-0.01754585074112677
IIIIIIZIIIIIIZII,0.10850530082486806
IIIIIIYZZZYIIZII,0.00698673471750321
IIIIIIXZZZXIIZII,0.00698673471750321
IIIIIIYZZZZZYZII,0.004149710819715292
IIIIIIXZZZZZXZII,0.004149710819715292
IIIIIIYZZZZZZIYI,-0.014991013847582852
IIIIIIXZZZZZZIXI,-0.014991013847582852
IIIIIIZIIIIIIYZY,0.00584218041371922
IIIIIIZIIIIIIXZX,0.00584218041371922
IIIIIIYZZZYIIYZY,0.00612389771157447
IIIIIIYZZZYIIXZX,0.00612389771157447
IIIIIIXZZZXIIYZY,0.00612389771157447
IIIIIIXZZZXIIXZX,0.00612389771157447
IIIIIIYZZZZZYYZY,-0.002554836893543918
IIIIIIYZZZZZYXZX,-0.002554836893543918
IIIIIIXZZZZZXYZY,-0.002554836893543918
IIIIIIXZZZZZXXZX,-0.002554836893543918
IIIIIIYZZZZZZXXY,0.0010729146284650444
IIIIIIYZZZZZZYXX,-0.0010729146284650444
IIIIIIXZZZZZZXYY,-0.0010729146284650444
IIIIIIXZZZZZZYYX,0.0010729146284650444
IIIIIIZIIIIIIIZI,0.09634753292366242
IIIIIIYZZZYIIIZI,0.0029935137242977188
IIIIIIXZZZXIIIZI,0.0029935137242977188
IIIIIIYZZZZZYIZI,0.007368454705112526
IIIIIIXZZZZZXIZI,0.007368454705112526
IIIIIIZIIIIIIIIZ,0.11996332079450994
IIIIIIYZZZYIIIIZ,-0.0069867347175042
IIIIIIXZZZXIIIIZ,-0.0069867347175042
IIIIIIYZZZZZYIIZ,0.0062955400766474805
IIIIIIXZZZZZXIIZ,0.0062955400766474805
IIIIIIYZZZZZZZYZ,-0.009881340060494306
IIIIIIXZZZZZZZXZ,-0.009881340060494306
IIIIIIIZZIIIIIII,0.10866515462096223
IIIIIIIYIZZZZYII,0.009394011493182973
IIIIIIIXIZZZZXII,0.009394011493182973
IIIIIIIYIZZZZZZY,-0.02236913031513338
IIIIIIIXIZZZZZZX,-0.02236913031513338
IIIIIIIYXXZZYIII,-0.0015746944300094688
IIIIIIIYYXZZXIII,0.0015746944300094688
IIIIIIIXXYZZYIII,0.0015746944300094688
IIIIIIIXYYZZXIII,-0.0015746944300094688
IIIIIIIYXXZZZZYI,0.0037496808404969724
IIIIIIIYYXZZZZXI,-0.0037496808404969724
IIIIIIIXXYZZZZYI,-0.0037496808404969724
IIIIIIIXYYZZZZXI,0.0037496808404969724
IIIIIIIZIZIIIIII,0.10422065463965993
IIIIIIIYZIZZZYII,0.007819317063173504
IIIIIIIXZIZZZXII,0.007819317063173504
IIIIIIIYZIZZZZZY,-0.018619449474636403
IIIIIIIXZIZZZZZX,-0.018619449474636403
IIIIIIIZIIZIIIII,0.1097201186588614
IIIIIIIYZZIZZYII,0.0026550740556481895
IIIIIIIXZZIZZXII,0.0026550740556481895
IIIIIIIYZZIZZZZY,-0.006322293472840024
IIIIIIIXZZIZZZZX,-0.006322293472840024
IIIIIIIZIIYZYIII,0.012961020018859943
IIIIIIIZIIXZXIII,0.012961020018859943
IIIIIIIYZZXXYIII,0.004476399080866524
IIIIIIIYZZYXXIII,-0.004476399080866524
IIIIIIIXZZXYYIII,-0.004476399080866524
IIIIIIIXZZYYXIII,0.004476399080866524
IIIIIIIYZZXIXYII,0.009980248441801674
IIIIIIIYZZYIYYII,0.009980248441801674
IIIIIIIXZZXIXXII,0.009980248441801674
IIIIIIIXZZYIYXII,0.009980248441801674
IIIIIIIYZZXIXZZY,-0.008747723087378385
IIIIIIIYZZYIYZZY,-0.008747723087378385
IIIIIIIXZZXIXZZX,-0.008747723087378385
IIIIIIIXZZYIYZZX,-0.008747723087378385
IIIIIIIZIIYZZZYI,0.006317351890919481
IIIIIIIZIIXZZZXI,0.006317351890919481
IIIIIIIYZZXXZZYI,-0.010659253978462969
IIIIIIIYZZYXZZXI,0.010659253978462969
IIIIIIIXZZXYZZYI,0.010659253978462969
IIIIIIIXZZYYZZXI,-0.010659253978462969
IIIIIIIYZZXIIXYI,0.008747723087378376
IIIIIIIYZZYIIXXI,-0.008747723087378376
IIIIIIIXZZXIIYYI,-0.008747723087378376
IIIIIIIXZZYIIYXI,0.008747723087378376
IIIIIIIYZZXIIIXY,-0.00998024844180192
IIIIIIIYZZYIIIYY,-0.00998024844180192
IIIIIIIXZZXIIIXX,-0.00998024844180192
IIIIIIIXZZYIIIYX,-0.00998024844180192
IIIIIIIZIIIZIIII,0.09493209325486145
IIIIIIIZIIIYZYII,0.0061574998899003525
IIIIIIIZIIIXZXII,0.0061574998899003525
IIIIIIIZIIIYZZZY,0.0030012370566665746
IIIIIIIZIIIXZZZX,0.0030012370566665746
IIIIIIIYZZZIZYII,0.007131473136514714
IIIIIIIXZZZIZXII,0.007131473136514714
IIIIIIIYZZZIZZZY,-0.01698154745130299
IIIIIIIXZZZIZZZX,-0.01698154745130299
IIIIIIIZIIIIZIII,0.10850530082486806
IIIIIIIYZZZYZIII,0.00698673471750321
IIIIIIIXZZZXZIII,0.00698673471750321
IIIIIIIYZZZZIYII,0.004149710819715292
IIIIIIIXZZZZIXII,0.004149710819715292
IIIIIIIYZZZZIZZY,-0.014991013847582852
IIIIIIIXZZZZIZZX,-0.014991013847582852
IIIIIIIZIIIIYZYI,0.00584218041371922
IIIIIIIZIIIIXZXI,0.00584218041371922
IIIIIIIYZZZYYZYI,0.00612389771157447
IIIIIIIYZZZYXZXI,0.00612389771157447
IIIIIIIXZZZXYZYI,0.00612389771157447
IIIIIIIXZZZXXZXI,0.00612389771157447
IIIIIIIYZZZZXXYI,-0.002554836893543918
IIIIIIIYZZZZYXXI,0.002554836893543918
IIIIIIIXZZZZXYYI,0.002554836893543918
IIIIIIIXZZZZYYXI,-0.002554836893543918
IIIIIIIYZZZZXIXY,-0.0010729146284650444
IIIIIIIYZZZZYIYY,-0.0010729146284650444
IIIIIIIXZZZZXIXX,-0.0010729146284650444
IIIIIIIXZZZZYIYX,-0.0010729146284650444
IIIIIIIZIIIIIZII,0.09689110087290706
IIIIIIIZIIIIIYZY,-0.00027715277465208913
IIIIIIIZIIIIIXZX,-0.00027715277465208913
IIIIIIIYZZZYIZII,-0.002993513724298462
IIIIIIIXZZZXIZII,-0.002993513724298462
IIIIIIIYZZZYIYZY,-0.0026238253758039134
IIIIIIIYZZZYIXZX,-0.0026238253758039077
IIIIIIIXZZZXIYZY,-0.0026238253758039077
IIIIIIIXZZZXIXZX,-0.0026238253758039134
IIIIIIIYZZZZZIZY,-0.01754585074112677
IIIIIIIXZZZZZIZX,-0.01754585074112677
IIIIIIIZIIIIIIZI,0.11996332079450994
IIIIIIIYZZZYIIZI,-0.0069867347175042
IIIIIIIXZZZXIIZI,-0.0069867347175042
IIIIIIIYZZZZZYZI,0.0062955400766474805
IIIIIIIXZZZZZXZI,0.0062955400766474805
IIIIIIIYZZZZZZIY,-0.009881340060494306
IIIIIIIXZZZZZZIX,-0.009881340060494306
IIIIIIIZIIIIIIIZ,0.09634753292366242
IIIIIIIYZZZYIIIZ,0.0029935137242977188
IIIIIIIXZZZXIIIZ,0.0029935137242977188
IIIIIIIYZZZZZYIZ,0.007368454705112526
IIIIIIIXZZZZZXIZ,0.007368454705112526
IIIIIIIIZZIIIIII,0.14669318599473308
IIIIIIIIYXXYIIII,0.017142854949142142
IIIIIIIIYYXXIIII,-0.017142854949142142
IIIIIIIIXXYYIIII,-0.017142854949142142
IIIIIIIIXYYXIIII,0.017142854949142142
IIIIIIIIYXIIXYII,0.005022019998237319
IIIIIIIIYYIIXXII,-0.005022019998237319
IIIIIIIIXXIIYYII,-0.005022019998237319
IIIIIIIIXYIIYXII,0.005022019998237319
IIIIIIIIYXIIIIXY,0.005022019998237324
IIIIIIIIYYIIIIXX,-0.005022019998237324
IIIIIIIIXXIIIIYY,-0.005022019998237324
IIIIIIIIXYIIIIYX,0.005022019998237324
IIIIIIIIZIZIIIII,0.09807619093173604
IIIIIIIIZIIZIIII,0.1152190458808782
IIIIIIIIZIIIZIII,0.11433554494583131
IIIIIIIIZIIIIZII,0.11935756494406863
IIIIIIIIZIIIIIZI,0.11433554494583133
IIIIIIIIZIIIIIIZ,0.11935756494406866
IIIIIIIIIZZIIIII,0.1152190458808782
IIIIIIIIIZIZIIII,0.09807619093173604
IIIIIIIIIZIIZIII,0.11935756494406863
IIIIIIIIIZIIIZII,0.11433554494583131
IIIIIIIIIZIIIIZI,0.11935756494406866
IIIIIIIIIZIIIIIZ,0.11433554494583133
IIIIIIIIIIZZIIII,0.11412201733833717
IIIIIIIIIIYXXYII,0.02779992200746958
IIIIIIIIIIYYXXII,-0.02779992200746958
IIIIIIIIIIXXYYII,-0.02779992200746958
IIIIIIIIIIXYYXII,0.02779992200746958
IIIIIIIIIIYXIIXY,0.027799922007468718
IIIIIIIIIIYYIIXX,-0.027799922007468718
IIIIIIIIIIXXIIYY,-0.027799922007468718
IIIIIIIIIIXYIIYX,0.027799922007468718
IIIIIIIIIIZIZIII,0.08857265245275613
IIIIIIIIIIZIIZII,0.11637257446022571
IIIIIIIIIIYZYZII,-0.002316001810242933
IIIIIIIIIIXZXZII,-0.002316001810242933
IIIIIIIIIIYZZIYI,-0.0069401097722576605
IIIIIIIIIIXZZIXI,-0.0069401097722576605
IIIIIIIIIIYZYYZY,0.00694010977225721
IIIIIIIIIIYZYXZX,0.00694010977225721
IIIIIIIIIIXZXYZY,0.00694010977225721
IIIIIIIIIIXZXXZX,0.00694010977225721
IIIIIIIIIIYZZXXY,-0.002316001810243669
IIIIIIIIIIYZZYXX,0.002316001810243669
IIIIIIIIIIXZZXYY,0.002316001810243669
IIIIIIIIIIXZZYYX,-0.002316001810243669
IIIIIIIIIIZIIIZI,0.0885726524527563
IIIIIIIIIIZIIIIZ,0.11637257446022503
IIIIIIIIIIYZYIIZ,0.002316001810243499
IIIIIIIIIIXZXIIZ,0.002316001810243499
IIIIIIIIIIYZZZYZ,0.006940109772258681
IIIIIIIIIIXZZZXZ,0.006940109772258681
IIIIIIIIIIIZZIII,0.11637257446022571
IIIIIIIIIIIYIYII,-0.002316001810242933
IIIIIIIIIIIXIXII,-0.002316001810242933
IIIIIIIIIIIYIZZY,-0.0069401097722576605
IIIIIIIIIIIXIZZX,-0.0069401097722576605
IIIIIIIIIIIYXXYI,0.00694010977225721
IIIIIIIIIIIYYXXI,-0.00694010977225721
IIIIIIIIIIIXXYYI,-0.00694010977225721
IIIIIIIIIIIXYYXI,0.00694010977225721
IIIIIIIIIIIYXIXY,0.002316001810243669
IIIIIIIIIIIYYIYY,0.002316001810243669
IIIIIIIIIIIXXIXX,0.002316001810243669
IIIIIIIIIIIXYIYX,0.002316001810243669
IIIIIIIIIIIZIZII,0.08857265245275613
IIIIIIIIIIIZIIZI,0.11637257446022503
IIIIIIIIIIIYZYZI,0.002316001810243499
IIIIIIIIIIIXZXZI,0.002316001810243499
IIIIIIIIIIIYZZIY,0.006940109772258681
IIIIIIIIIIIXZZIX,0.006940109772258681
IIIIIIIIIIIZIIIZ,0.0885726524527563
IIIIIIIIIIIIZZII,0.13223953856524426
IIIIIIIIIIIIYXXY,0.00861823284586876
IIIIIIIIIIIIYYXX,-0.00861823284586876
IIIIIIIIIIIIXXYY,-0.00861823284586876
IIIIIIIIIIIIXYYX,0.00861823284586876
IIIIIIIIIIIIZIZI,0.10638484002763716
IIIIIIIIIIIIZIIZ,0.11500307287350592
IIIIIIIIIIIIIZZI,0.11500307287350592
IIIIIIIIIIIIIZIZ,0.10638484002763716
IIIIIIIIIIIIIIZZ,0.13223953856524512
