IIIIIIIIIIIIIIII,-34.413650215103495
ZIIIIIIIIIIIIIII,9.120236951835022
YZYIIIIIIIIIIIII,0.09116561860712627
XZXIIIIIIIIIIIII,0.09116561860712627
YZZZZZZZYIIIIIII,0.025341940577643746
XZZZZZZZXIIIIIII,0.025341940577643746
YZZZZZZZZZYIIIII,0.06931086625101052
XZZZZZZZZZXIIIII,0.06931086625101052
IZIIIIIIIIIIIIII,9.120236951835022
IYZYIIIIIIIIIIII,0.09116561860712627
IXZXIIIIIIIIIIII,0.09116561860712627
IYZZZZZZZYIIIIII,0.025341940577643766
IXZZZZZZZXIIIIII,0.025341940577643766
IYZZZZZZZZZYIIII,0.06931086625101057
IXZZZZZZZZZXIIII,0.06931086625101057
IIZIIIIIIIIIIIII,1.0773228821314227
IIYZZZZZYIIIIIII,-0.06350338403899465
IIXZZZZZXIIIIIII,-0.06350338403899465
IIYZZZZZZZYIIIII,-0.21196042320716513
IIXZZZZZZZXIIIII,-0.21196042320716513
IIIZIIIIIIIIIIII,1.0773228821314225
IIIYZZZZZYIIIIII,-0.06350338403899466
IIIXZZZZZXIIIIII,-0.06350338403899466
IIIYZZZZZZZYIIII,-0.21196042320716524
IIIXZZZZZZZXIIII,-0.21196042320716524
IIIIZIIIIIIIIIII,0.7683851736617574
IIIIYZZZZZZZYIII,-2.467360558817899e-07
IIIIXZZZZZZZXIII,-2.467360558817899e-07
IIIIYZZZZZZZZZYI,-0.22681073101682167
IIIIXZZZZZZZZZXI,-0.22681073101682167
IIIIIZIIIIIIIIII,0.7683851736617573
IIIIIYZZZZZZZYII,-2.467360558817899e-07
IIIIIXZZZZZZZXII,-2.467360558817899e-07
IIIIIYZZZZZZZZZY,-0.22681073101682162
IIIIIXZZZZZZZZZX,-0.22681073101682162
IIIIIIZIIIIIIIII,0.7683851730081596
IIIIIIYZZZZZYIII,-0.2268107313639917
IIIIIIXZZZZZXIII,-0.2268107313639917
IIIIIIYZZZZZZZYI,2.467360563295477e-07
IIIIIIXZZZZZZZXI,2.467360563295477e-07
IIIIIIIZIIIIIIII,0.7683851730081593
IIIIIIIYZZZZZYII,-0.2268107313639917
IIIIIIIXZZZZZXII,-0.2268107313639917
IIIIIIIYZZZZZZZY,2.467360563295478e-07
IIIIIIIXZZZZZZZX,2.467360563295478e-07
IIIIIIIIZIIIIIII,0.8371438147201644
IIIIIIIIYZYIIIII,0.08095814931015428
IIIIIIIIXZXIIIII,0.08095814931015428
IIIIIIIIIZIIIIII,0.8371438147201643
IIIIIIIIIYZYIIII,0.08095814931015427
IIIIIIIIIXZXIIII,0.08095814931015427
IIIIIIIIIIZIIIII,0.4293348599002307
IIIIIIIIIIIZIIII,0.4293348599002315
IIIIIIIIIIIIZIII,0.4570283745760933
IIIIIIIIIIIIIZII,0.457028374576093
IIIIIIIIIIIIIIZI,0.4570283738694992
IIIIIIIIIIIIIIIZ,0.45702837386949896
ZZIIIIIIIIIIIIII,1.0321182547703025
YIYIIIIIIIIIIIII,0.08628913340804639
XIXIIIIIIIIIIIII,0.08628913340804639
YIZZZZZZYIIIIIII,0.034620443660962855
XIZZZZZZXIIIIIII,0.034620443660962855
YIZZZZZZZZYIIIII,0.06745483638561403
XIZZZZZZZZXIIIII,0.06745483638561403
ZYZYIIIIIIIIIIII,0.08628913340804639
ZXZXIIIIIIIIIIII,0.08628913340804639
YXXYIIIIIIIIIIII,0.011422395066928078
YYXXIIIIIIIIIIII,-0.011422395066928078
XXYYIIIIIIIIIIII,-0.011422395066928078
XYYXIIIIIIIIIIII,0.011422395066928078
YXIXZZZZYIIIIIII,-0.00392284315982478
YYIYZZZZYIIIIIII,-0.00392284315982478
XXIXZZZZXIIIIIII,-0.00392284315982478
XYIYZZZZXIIIIIII,-0.00392284315982478
YXIXZZZZZZYIIIII,-0.009328186682755963
YYIYZZZZZZYIIIII,-0.009328186682755963
XXIXZZZZZZXIIIII,-0.009328186682755963
XYIYZZZZZZXIIIII,-0.009328186682755963
YXIIXYIIIIIIIIII,0.0022216693576707033
YYIIXXIIIIIIIIII,-0.0022216693576707033
XXIIYYIIIIIIIIII,-0.0022216693576707033
XYIIYXIIIIIIIIII,0.0022216693576707033
YXIIIXZZZZZZZZYI,-0.0032488883769282518
YYIIIYZZZZZZZZYI,-0.0032488883769282518
XXIIIXZZZZZZZZXI,-0.0032488883769282518
XYIIIYZZZZZZZZXI,-0.0032488883769282518
YXIIIIXYIIIIIIII,0.002221669352092922
YYIIIIXXIIIIIIII,-0.002221669352092922
XXIIIIYYIIIIIIII,-0.002221669352092922
XYIIIIYXIIIIIIII,0.002221669352092922
YXIIIIIXZZZZYIII,-0.00324888837436842
YYIIIIIYZZZZYIII,-0.00324888837436842
XXIIIIIXZZZZXIII,-0.00324888837436842
XYIIIIIYZZZZXIII,-0.00324888837436842
ZYZZZZZZZYIIIIII,0.034620443660962855
ZXZZZZZZZXIIIIII,0.034620443660962855
YXXZZZZZZYIIIIII,0.00392284315982478
YYXZZZZZZXIIIIII,-0.00392284315982478
XXYZZZZZZYIIIIII,-0.00392284315982478
XYYZZZZZZXIIIIII,0.00392284315982478
YXIIIIIIXYIIIIII,0.006263373903067352
YYIIIIIIXXIIIIII,-0.006263373903067352
XXIIIIIIYYIIIIII,-0.006263373903067352
XYIIIIIIYXIIIIII,0.006263373903067352
YXIIIIIIIXYIIIII,-0.0010357737978637141
YYIIIIIIIYYIIIII,-0.0010357737978637141
XXIIIIIIIXXIIIII,-0.0010357737978637141
XYIIIIIIIYXIIIII,-0.0010357737978637141
ZYZZZZZZZZZYIIII,0.06745483638561403
ZXZZZZZZZZZXIIII,0.06745483638561403
YXXZZZZZZZZYIIII,0.009328186682755963
YYXZZZZZZZZXIIII,-0.009328186682755963
XXYZZZZZZZZYIIII,-0.009328186682755963
XYYZZZZZZZZXIIII,0.009328186682755963
YXIIIIIIXZZYIIII,0.0010357737978637141
YYIIIIIIXZZXIIII,-0.0010357737978637141
XXIIIIIIYZZYIIII,-0.0010357737978637141
XYIIIIIIYZZXIIII,0.0010357737978637141
YXIIIIIIIIXYIIII,0.0085823698555082
YYIIIIIIIIXXIIII,-0.0085823698555082
XXIIIIIIIIYYIIII,-0.0085823698555082
XYIIIIIIIIYXIIII,0.0085823698555082
YXIIIIXZZZZZZYII,0.00324888837436842
YYIIIIXZZZZZZXII,-0.00324888837436842
XXIIIIYZZZZZZYII,-0.00324888837436842
XYIIIIYZZZZZZXII,0.00324888837436842
YXIIIIIIIIIIXYII,0.004765424866612188
YYIIIIIIIIIIXXII,-0.004765424866612188
XXIIIIIIIIIIYYII,-0.004765424866612188
XYIIIIIIIIIIYXII,0.004765424866612188
YXIIXZZZZZZZZZZY,0.0032488883769282518
YYIIXZZZZZZZZZZX,-0.0032488883769282518
XXIIYZZZZZZZZZZY,-0.0032488883769282518
XYIIYZZZZZZZZZZX,0.0032488883769282518
YXIIIIIIIIIIIIXY,0.00476542486230994
YYIIIIIIIIIIIIXX,-0.00476542486230994
XXIIIIIIIIIIIIYY,-0.00476542486230994
XYIIIIIIIIIIIIYX,0.00476542486230994
ZIZIIIIIIIIIIIII,0.1977071571831386
ZIYZZZZZYIIIIIII,-0.01653852008453048
ZIXZZZZZXIIIIIII,-0.01653852008453048
ZIYZZZZZZZYIIIII,-0.06625788820176694
ZIXZZZZZZZXIIIII,-0.06625788820176694
YZIZZZZZYIIIIIII,0.0014387560052866433
XZIZZZZZXIIIIIII,0.0014387560052866433
YZIZZZZZZZYIIIII,-0.0008303638192803653
XZIZZZZZZZXIIIII,-0.0008303638192803653
YZXIXZZZZZZZZZYI,-0.0019890535456388954
YZYIYZZZZZZZZZYI,-0.0063168502814420786
YZYIXZZZZZZZZZXI,-0.004327796735803184
XZXIYZZZZZZZZZYI,-0.004327796735803184
XZXIXZZZZZZZZZXI,-0.0063168502814420786
XZYIYZZZZZZZZZXI,-0.0019890535456388954
YZXIIIXZZZZZYIII,-0.001989053536819748
YZYIIIYZZZZZYIII,-0.006316850272494046
YZYIIIXZZZZZXIII,-0.004327796735674298
XZXIIIYZZZZZYIII,-0.004327796735674298
XZXIIIXZZZZZXIII,-0.006316850272494046
XZYIIIYZZZZZXIII,-0.001989053536819748
YZXIIIIIXZYIIIII,-3.653580708643878e-06
YZYIIIIIYZYIIIII,0.0034417241953032546
YZYIIIIIXZXIIIII,0.0034453777760118983
XZXIIIIIYZYIIIII,0.0034453777760118983
XZXIIIIIXZXIIIII,0.0034417241953032546
XZYIIIIIYZXIIIII,-3.653580708643878e-06
ZIIZIIIIIIIIIIII,0.20912955225006669
YZYZIIIIIIIIIIII,0.002439558591335475
XZXZIIIIIIIIIIII,0.002439558591335475
YZZIZZZZYIIIIIII,0.0030961258667861233
XZZIZZZZXIIIIIII,0.0030961258667861233
YZZIZZZZZZYIIIII,0.0010356353211154524
XZZIZZZZZZXIIIII,0.0010356353211154524
YZZXXYIIIIIIIIII,0.003554521556295928
YZZYXXIIIIIIIIII,-0.003554521556295928
XZZXYYIIIIIIIIII,-0.003554521556295928
XZZYYXIIIIIIIIII,0.003554521556295928
YZZXIXZZZZZZZZYI,-0.0048453021644135445
YZZYIYZZZZZZZZYI,-0.0048453021644135445
XZZXIXZZZZZZZZXI,-0.0048453021644135445
XZZYIYZZZZZZZZXI,-0.0048453021644135445
YZZXIIXYIIIIIIII,0.0035545215455662867
YZZYIIXXIIIIIIII,-0.0035545215455662867
XZZXIIYYIIIIIIII,-0.0035545215455662867
XZZYIIYXIIIIIIII,0.0035545215455662867
YZZXIIIXZZZZYIII,-0.004845302159988721
YZZYIIIYZZZZYIII,-0.004845302159988721
XZZXIIIXZZZZXIII,-0.004845302159988721
XZZYIIIYZZZZXIII,-0.004845302159988721
ZIIYZZZZZYIIIIII,-0.020461363244355255
ZIIXZZZZZXIIIIII,-0.020461363244355255
YZYYZZZZZYIIIIII,-0.00165736986149948
YZYXZZZZZXIIIIII,-0.00165736986149948
XZXYZZZZZYIIIIII,-0.00165736986149948
XZXXZZZZZXIIIIII,-0.00165736986149948
YZZXIIIIXYIIIIII,0.00491939993526455
YZZYIIIIXXIIIIII,-0.00491939993526455
XZZXIIIIYYIIIIII,-0.00491939993526455
XZZYIIIIYXIIIIII,0.00491939993526455
YZZXIIIIIXYIIIII,0.0036097356863896667
YZZYIIIIIYYIIIII,0.0036097356863896667
XZZXIIIIIXXIIIII,0.0036097356863896667
XZZYIIIIIYXIIIII,0.0036097356863896667
ZIIYZZZZZZZYIIII,-0.0755860748845229
ZIIXZZZZZZZXIIII,-0.0755860748845229
YZYYZZZZZZZYIIII,-0.0018659991403958177
YZYXZZZZZZZXIIII,-0.0018659991403958177
XZXYZZZZZZZYIIII,-0.0018659991403958177
XZXXZZZZZZZXIIII,-0.0018659991403958177
YZZXIIIIXZZYIIII,-0.0036133892670983108
YZZYIIIIXZZXIIII,0.0036133892670983108
XZZXIIIIYZZYIIII,0.0036133892670983108
XZZYIIIIYZZXIIII,-0.0036133892670983108
YZZXIIIIIIXYIIII,-0.00020181701831947546
YZZYIIIIIIXXIIII,0.00020181701831947546
XZZXIIIIIIYYIIII,0.00020181701831947546
XZZYIIIIIIYXIIII,-0.00020181701831947546
YZZXIIXZZZZZZYII,0.002856248623168973
YZZYIIXZZZZZZXII,-0.002856248623168973
XZZXIIYZZZZZZYII,-0.002856248623168973
XZZYIIYZZZZZZXII,0.002856248623168973
YZZXIIIIIIIIXYII,0.003955465901303046
YZZYIIIIIIIIXXII,-0.003955465901303046
XZZXIIIIIIIIYYII,-0.003955465901303046
XZZYIIIIIIIIYXII,0.003955465901303046
YZZXXZZZZZZZZZZY,0.0028562486187746483
YZZYXZZZZZZZZZZX,-0.0028562486187746483
XZZXYZZZZZZZZZZY,-0.0028562486187746483
XZZYYZZZZZZZZZZX,0.0028562486187746483
YZZXIIIIIIIIIIXY,0.003955465888241021
YZZYIIIIIIIIIIXX,-0.003955465888241021
XZZXIIIIIIIIIIYY,-0.003955465888241021
XZZYIIIIIIIIIIYX,0.003955465888241021
ZIIIZIIIIIIIIIII,0.16941462344932828
ZIIIYZZZZZZZZZYI,-0.07258483282302074
ZIIIXZZZZZZZZZXI,-0.07258483282302074
YZYIZIIIIIIIIIII,0.004447785896580575
XZXIZIIIIIIIIIII,0.004447785896580575
YZZZIZZZYIIIIIII,0.0018623627359362126
XZZZIZZZXIIIIIII,0.0018623627359362126
YZZZIZZZZZYIIIII,0.0015316253476736763
XZZZIZZZZZXIIIII,0.0015316253476736763
YZZZIZZZZZZZZZYI,-0.0013281493694175923
XZZZIZZZZZZZZZXI,-0.0013281493694175923
YZZZXIXZZZZZYIII,0.0013281494289171796
YZZZYIYZZZZZYIII,0.0013281494431441401
XZZZXIXZZZZZXIII,0.0013281494431441401
XZZZYIYZZZZZXIII,0.0013281494289171796
YZZZXIIIXZZZZZYI,-0.0010313781948912536
YZZZYIIIYZZZZZYI,0.0005614565476117374
YZZZYIIIXZZZZZXI,0.0015928347425029907
XZZZXIIIYZZZZZYI,0.0015928347425029907
XZZZXIIIXZZZZZXI,0.0005614565476117374
XZZZYIIIYZZZZZXI,-0.0010313781948912536
YZZZXIIIIIXZZZYI,-0.002919319245765255
YZZZYIIIIIYZZZYI,0.0010784774815236053
YZZZYIIIIIXZZZXI,0.00399779672728886
XZZZXIIIIIYZZZYI,0.00399779672728886
XZZZXIIIIIXZZZXI,0.0010784774815236053
XZZZYIIIIIYZZZXI,-0.002919319245765255
ZIIIYZZZZZZZYIII,-8.282495453507918e-08
ZIIIXZZZZZZZXIII,-8.282495453507918e-08
ZIIIIZIIIIIIIIII,0.171636292806999
YZYIIZIIIIIIIIII,0.000893264340284647
XZXIIZIIIIIIIIII,0.000893264340284647
YZZZYZIIIIIIIIII,-0.0006349717249004683
XZZZXZIIIIIIIIII,-0.0006349717249004683
YZZZZIZZYIIIIIII,0.0011083813363239412
XZZZZIZZXIIIIIII,0.0011083813363239412
YZZZZIZZZZYIIIII,0.0003933391095829078
XZZZZIZZZZXIIIII,0.0003933391095829078
YZZZZIZZZZZZZZYI,-0.0008008897814174444
XZZZZIZZZZZZZZXI,-0.0008008897814174444
YZZZZXXYIIIIIIII,-0.000634971749177882
YZZZZYXXIIIIIIII,0.000634971749177882
XZZZZXYYIIIIIIII,0.000634971749177882
XZZZZYYXIIIIIIII,-0.000634971749177882
YZZZZXIXZZZZYIII,0.0008008898357095874
YZZZZYIYZZZZYIII,0.0008008898357095874
XZZZZXIXZZZZXIII,0.0008008898357095874
XZZZZYIYZZZZXIII,0.0008008898357095874
YZZZYYZZZYIIIIII,0.0007539813996122714
YZZZYXZZZXIIIIII,0.0007539813996122714
XZZZXYZZZYIIIIII,0.0007539813996122714
XZZZXXZZZXIIIIII,0.0007539813996122714
YZZZZXIIIXZZZZYI,-0.0011131137316371495
YZZZZYIIIYZZZZYI,-0.0011131137316371495
XZZZZXIIIXZZZZXI,-0.0011131137316371495
XZZZZYIIIYZZZZXI,-0.0011131137316371495
YZZZYYZZZZZYIIII,0.0011382862380907685
YZZZYXZZZZZXIIII,0.0011382862380907685
XZZZXYZZZZZYIIII,0.0011382862380907685
XZZZXXZZZZZXIIII,0.0011382862380907685
YZZZZXIIIIIXZZYI,-0.0015385049667942495
YZZZZYIIIIIYZZYI,-0.0015385049667942495
XZZZZXIIIIIXZZXI,-0.0015385049667942495
XZZZZYIIIIIYZZXI,-0.0015385049667942495
ZIIIIYZZZZZZZYII,-8.282495453507918e-08
ZIIIIXZZZZZZZXII,-8.282495453507918e-08
YZZZZXXZZZZZZYII,0.0005272595932075921
YZZZZYXZZZZZZXII,-0.0005272595932075921
XZZZZXYZZZZZZYII,-0.0005272595932075921
XZZZZYYZZZZZZXII,0.0005272595932075921
YZZZZXIIIIIIXYII,0.0007985848195087087
YZZZZYIIIIIIXXII,-0.0007985848195087087
XZZZZXIIIIIIYYII,-0.0007985848195087087
XZZZZYIIIIIIYXII,0.0007985848195087087
ZIIIIYZZZZZZZZZY,-0.075833721199949
ZIIIIXZZZZZZZZZX,-0.075833721199949
YZYIIYZZZZZZZZZY,-0.001471548117028536
YZYIIXZZZZZZZZZX,-0.001471548117028536
XZXIIYZZZZZZZZZY,-0.001471548117028536
XZXIIXZZZZZZZZZX,-0.001471548117028536
YZZZYYZZZZZZZZZY,-0.000527259588000148
YZZZYXZZZZZZZZZX,-0.000527259588000148
XZZZXYZZZZZZZZZY,-0.000527259588000148
XZZZXXZZZZZZZZZX,-0.000527259588000148
YZZZZXIIXZZZZZZY,8.173553674589593e-05
YZZZZYIIXZZZZZZX,-8.173553674589593e-05
XZZZZXIIYZZZZZZY,-8.173553674589593e-05
XZZZZYIIYZZZZZZX,8.173553674589593e-05
YZZZZXIIIIXZZZZY,-0.0013808142789710058
YZZZZYIIIIXZZZZX,0.0013808142789710058
XZZZZXIIIIYZZZZY,0.0013808142789710058
XZZZZYIIIIYZZZZX,-0.0013808142789710058
YZZZZXIIIIIIIIXY,-0.0007985848544493556
YZZZZYIIIIIIIIXX,0.0007985848544493556
XZZZZXIIIIIIIIYY,0.0007985848544493556
XZZZZYIIIIIIIIYX,-0.0007985848544493556
ZIIIIIZIIIIIIIII,0.16941462321237824
ZIIIIIYZZZZZYIII,-0.07258483291949115
ZIIIIIXZZZZZXIII,-0.07258483291949115
YZYIIIZIIIIIIIII,0.004447785887129435
XZXIIIZIIIIIIIII,0.004447785887129435
YZZZZZIZYIIIIIII,0.001862362729880961
XZZZZZIZXIIIIIII,0.001862362729880961
YZZZZZIZZZYIIIII,0.0015316252743816938
XZZZZZIZZZXIIIII,0.0015316252743816938
YZZZZZIZZZZZZZYI,0.00132814946554086
XZZZZZIZZZZZZZXI,0.00132814946554086
YZZZZZXIXZZZYIII,-0.0010313781899448356
YZZZZZYIYZZZYIII,0.0005614565538680802
YZZZZZYIXZZZXIII,0.0015928347438129156
XZZZZZXIYZZZYIII,0.0015928347438129156
XZZZZZXIXZZZXIII,0.0005614565538680802
XZZZZZYIYZZZXIII,-0.0010313781899448356
YZZZZZXIIIXZYIII,-0.002919319236843524
YZZZZZYIIIYZYIII,0.0010784775257244566
YZZZZZYIIIXZXIII,0.003997796762567981
XZZZZZXIIIYZYIII,0.003997796762567981
XZZZZZXIIIXZXIII,0.0010784775257244566
XZZZZZYIIIYZXIII,-0.002919319236843524
ZIIIIIYZZZZZZZYI,8.282495451982406e-08
ZIIIIIXZZZZZZZXI,8.282495451982406e-08
ZIIIIIIZIIIIIIII,0.1716362925644712
YZYIIIIZIIIIIIII,0.0008932643415631479
XZXIIIIZIIIIIIII,0.0008932643415631479
YZZZYIIZIIIIIIII,0.0006349717305302058
XZZZXIIZIIIIIIII,0.0006349717305302058
YZZZZZZIYIIIIIII,0.0011083813360090126
XZZZZZZIXIIIIIII,0.0011083813360090126
YZZZZZZIZZYIIIII,0.00039333906891747284
XZZZZZZIZZXIIIII,0.00039333906891747284
YZZZZZZIZZZZZZYI,0.000800889824691983
XZZZZZZIZZZZZZXI,0.000800889824691983
YZZZZZYYZYIIIIII,0.000753981393871948
YZZZZZYXZXIIIIII,0.000753981393871948
XZZZZZXYZYIIIIII,0.000753981393871948
XZZZZZXXZXIIIIII,0.000753981393871948
YZZZZZZXIXZZYIII,-0.0011131137253813051
YZZZZZZYIYZZYIII,-0.0011131137253813051
XZZZZZZXIXZZXIII,-0.0011131137253813051
XZZZZZZYIYZZXIII,-0.0011131137253813051
YZZZZZYYZZZYIIII,0.0011382862054642208
YZZZZZYXZZZXIIII,0.0011382862054642208
XZZZZZXYZZZYIIII,0.0011382862054642208
XZZZZZXXZZZXIIII,0.0011382862054642208
YZZZZZZXIIIXYIII,-0.0015385049206724716
YZZZZZZYIIIYYIII,-0.0015385049206724716
XZZZZZZXIIIXXIII,-0.0015385049206724716
XZZZZZZYIIIYXIII,-0.0015385049206724716
ZIIIIIIYZZZZZYII,-0.07583372129385958
ZIIIIIIXZZZZZXII,-0.07583372129385958
YZYIIIIYZZZZZYII,-0.0014715481125053245
YZYIIIIXZZZZZXII,-0.0014715481125053245
XZXIIIIYZZZZZYII,-0.0014715481125053245
XZXIIIIXZZZZZXII,-0.0014715481125053245
YZZZYIIYZZZZZYII,0.0005272596074345528
YZZZYIIXZZZZZXII,0.0005272596074345528
XZZZXIIYZZZZZYII,0.0005272596074345528
XZZZXIIXZZZZZXII,0.0005272596074345528
YZZZZZZXXZZZZYII,8.173553543646959e-05
YZZZZZZYXZZZZXII,-8.173553543646959e-05
XZZZZZZXYZZZZYII,-8.173553543646959e-05
XZZZZZZYYZZZZXII,8.173553543646959e-05
YZZZZZZXIIXZZYII,-0.0013808143161710526
YZZZZZZYIIXZZXII,0.0013808143161710526
XZZZZZZXIIYZZYII,0.0013808143161710526
XZZZZZZYIIYZZXII,-0.0013808143161710526
YZZZZZZXIIIIIXYI,-0.0007985847963341269
YZZZZZZYIIIIIYYI,-0.0007985847963341269
XZZZZZZXIIIIIXXI,-0.0007985847963341269
XZZZZZZYIIIIIYXI,-0.0007985847963341269
ZIIIIIIYZZZZZZZY,8.282495451982406e-08
ZIIIIIIXZZZZZZZX,8.282495451982406e-08
YZZZZZYYZZZZZZZY,0.0005272596408488769
YZZZZZYXZZZZZZZX,0.0005272596408488769
XZZZZZXYZZZZZZZY,0.0005272596408488769
XZZZZZXXZZZZZZZX,0.0005272596408488769
YZZZZZZXIIIIXZZY,0.0007985848843855946
YZZZZZZYIIIIXZZX,-0.0007985848843855946
XZZZZZZXIIIIYZZY,-0.0007985848843855946
XZZZZZZYIIIIYZZX,0.0007985848843855946
ZIIIIIIIZIIIIIII,0.22508945930436616
ZIIIIIIIYZYIIIII,0.031227560720966437
ZIIIIIIIXZXIIIII,0.031227560720966437
YZYIIIIIZIIIIIII,0.007922366270450494
XZXIIIIIZIIIIIII,0.007922366270450494
YZZZZZZZIZYIIIII,0.006437746064695371
XZZZZZZZIZXIIIII,0.006437746064695371
ZIIIIIIIIZIIIIII,0.2313528332074335
YZYIIIIIIZIIIIII,0.003002966335185943
XZXIIIIIIZIIIIII,0.003002966335185943
YZZZZZZZYZIIIIII,-0.003092037046093018
XZZZZZZZXZIIIIII,-0.003092037046093018
YZZZZZZZZIYIIIII,0.004020452784716274
XZZZZZZZZIXIIIII,0.004020452784716274
ZIIIIIIIIYZYIIII,0.030191786923102724
ZIIIIIIIIXZXIIII,0.030191786923102724
YZYIIIIIIYZYIIII,-0.00016801149108641185
YZYIIIIIIXZXIIII,-0.00016801149108641185
XZXIIIIIIYZYIIII,-0.00016801149108641185
XZXIIIIIIXZXIIII,-0.00016801149108641185
YZZZZZZZYYZYIIII,0.0024172932799790972
YZZZZZZZYXZXIIII,0.0024172932799790972
XZZZZZZZXYZYIIII,0.0024172932799790972
XZZZZZZZXXZXIIII,0.0024172932799790972
YZZZZZZZZXXYIIII,-0.0012287513174550515
YZZZZZZZZYXXIIII,0.0012287513174550515
XZZZZZZZZXYYIIII,0.0012287513174550515
XZZZZZZZZYYXIIII,-0.0012287513174550515
YZZZZZYIIYZZZYII,0.0016745702792493851
YZZZZZYIIXZZZXII,0.0016745702792493851
XZZZZZXIIYZZZYII,0.0016745702792493851
XZZZZZXIIXZZZXII,0.0016745702792493851
YZZZZZZZZXIIXYII,0.002402480304006745
YZZZZZZZZYIIXXII,-0.002402480304006745
XZZZZZZZZXIIYYII,-0.002402480304006745
XZZZZZZZZYIIYXII,0.002402480304006745
YZZZYIIIIYZZZZZY,0.001674570279248887
YZZZYIIIIXZZZZZX,0.001674570279248887
XZZZXIIIIYZZZZZY,0.001674570279248887
XZZZXIIIIXZZZZZX,0.001674570279248887
YZZZZZZZZXIIIIXY,0.002402480299393047
YZZZZZZZZYIIIIXX,-0.002402480299393047
XZZZZZZZZXIIIIYY,-0.002402480299393047
XZZZZZZZZYIIIIYX,0.002402480299393047
ZIIIIIIIIIZIIIII,0.16706876337987994
YZYIIIIIIIZIIIII,0.0015067623862949707
XZXIIIIIIIZIIIII,0.0015067623862949707
YZZZZZZZYIZIIIII,0.0037921586543753663
XZZZZZZZXIZIIIII,0.0037921586543753663
ZIIIIIIIIIIZIIII,0.17565113323538814
YZYIIIIIIIIZIIII,0.001708579404614446
XZXIIIIIIIIZIIII,0.001708579404614446
YZZZZZZZYIIZIIII,0.005020909971830417
XZZZZZZZXIIZIIII,0.005020909971830417
YZZZZZZZZZYZIIII,-0.0005913231339429956
XZZZZZZZZZXZIIII,-0.0005913231339429956
YZZZZZYIIIIYZYII,0.002616982446396928
YZZZZZYIIIIXZXII,0.002616982446396928
XZZZZZXIIIIYZYII,0.002616982446396928
XZZZZZXIIIIXZXII,0.002616982446396928
YZZZZZZZZZZXXYII,0.003658987066412927
YZZZZZZZZZZYXXII,-0.003658987066412927
XZZZZZZZZZZXYYII,-0.003658987066412927
XZZZZZZZZZZYYXII,0.003658987066412927
YZZZYIIIIIIYZZZY,0.0026169824483178545
YZZZYIIIIIIXZZZX,0.0026169824483178545
XZZZXIIIIIIYZZZY,0.0026169824483178545
XZZZXIIIIIIXZZZX,0.0026169824483178545
YZZZZZZZZZZXIIXY,0.0036589870638420127
YZZZZZZZZZZYIIXX,-0.0036589870638420127
XZZZZZZZZZZXIIYY,-0.0036589870638420127
XZZZZZZZZZZYIIYX,0.0036589870638420127
ZIIIIIIIIIIIZIII,0.19027394028438746
YZYIIIIIIIIIZIII,0.005966524106644559
XZXIIIIIIIIIZIII,0.005966524106644559
YZZZYIIIIIIIZIII,0.0007862640898161634
XZZZXIIIIIIIZIII,0.0007862640898161634
YZZZZZYIIIIIYZYI,-0.0007862640154845103
YZZZZZYIIIIIXZXI,-0.0007862640815231111
XZZZZZXIIIIIYZYI,-0.0007862640815231111
XZZZZZXIIIIIXZXI,-0.0007862640154845103
YZZZZZZZYIIIZIII,0.0031636819942897163
XZZZZZZZXIIIZIII,0.0031636819942897163
YZZZZZZZZZYIZIII,0.005141666634734403
XZZZZZZZZZXIZIII,0.005141666634734403
ZIIIIIIIIIIIIZII,0.19503936515099965
YZYIIIIIIIIIIZII,0.002011058205341512
XZXIIIIIIIIIIZII,0.002011058205341512
YZZZYIIIIIIIIZII,-1.2320729692545415e-05
XZZZXIIIIIIIIZII,-1.2320729692545415e-05
YZZZZZZZYIIIIZII,0.0007612016902829708
XZZZZZZZXIIIIZII,0.0007612016902829708
YZZZZZZZZZYIIZII,0.0014826795683214754
XZZZZZZZZZXIIZII,0.0014826795683214754
YZZZZZZZZZZZZIYI,-6.188937693310362e-05
XZZZZZZZZZZZZIXI,-6.188937693310362e-05
YZZZZZYIIIIIIYZY,1.2320791856050134e-05
YZZZZZYIIIIIIXZX,1.2320791856050134e-05
XZZZZZXIIIIIIYZY,1.2320791856050134e-05
XZZZZZXIIIIIIXZX,1.2320791856050134e-05
YZZZZZZZZZZZYYZY,6.188951269559353e-05
YZZZZZZZZZZZYXZX,6.188951269559353e-05
XZZZZZZZZZZZXYZY,6.188951269559353e-05
XZZZZZZZZZZZXXZX,6.188951269559353e-05
ZIIIIIIIIIIIIIZI,0.19027394025625116
YZYIIIIIIIIIIIZI,0.0059665240916022075
XZXIIIIIIIIIIIZI,0.0059665240916022075
YZZZYIIIIIIIIIZI,-0.0007862642800299155
XZZZXIIIIIIIIIZI,-0.0007862642800299155
YZZZZZZZYIIIIIZI,0.003163681990783345
XZZZZZZZXIIIIIZI,0.003163681990783345
YZZZZZZZZZYIIIZI,0.005141666627179907
XZZZZZZZZZXIIIZI,0.005141666627179907
ZIIIIIIIIIIIIIIZ,0.19503936511856113
YZYIIIIIIIIIIIIZ,0.002011058203361187
XZXIIIIIIIIIIIIZ,0.002011058203361187
YZZZYIIIIIIIIIIZ,1.232057441943998e-05
XZZZXIIIIIIIIIIZ,1.232057441943998e-05
YZZZZZZZYIIIIIIZ,0.000761201691390298
XZZZZZZZXIIIIIIZ,0.000761201691390298
YZZZZZZZZZYIIIIZ,0.0014826795633378943
XZZZZZZZZZXIIIIZ,0.0014826795633378943
YZZZZZZZZZZZZZYZ,6.188926004138274e-05
XZZZZZZZZZZZZZXZ,6.188926004138274e-05
IZZIIIIIIIIIIIII,0.20912955225006669
IYIYIIIIIIIIIIII,0.002439558591335475
IXIXIIIIIIIIIIII,0.002439558591335475
IYIZZZZZZYIIIIII,0.0030961258667861233
IXIZZZZZZXIIIIII,0.0030961258667861233
IYIZZZZZZZZYIIII,0.0010356353211154524
IXIZZZZZZZZXIIII,0.0010356353211154524
IYXIXYIIIIIIIIII,-0.003554521556295928
IYYIYYIIIIIIIIII,-0.003554521556295928
IXXIXXIIIIIIIIII,-0.003554521556295928
IXYIYXIIIIIIIIII,-0.003554521556295928
IYXIXZZZZZZZZZZY,-0.0048453021644135445
IYYIYZZZZZZZZZZY,-0.0048453021644135445
IXXIXZZZZZZZZZZX,-0.0048453021644135445
IXYIYZZZZZZZZZZX,-0.0048453021644135445
IYXIIIXYIIIIIIII,-0.0035545215455662863
IYYIIIYYIIIIIIII,-0.0035545215455662863
IXXIIIXXIIIIIIII,-0.0035545215455662863
IXYIIIYXIIIIIIII,-0.0035545215455662863
IYXIIIXZZZZZZYII,-0.004845302159988721
IYYIIIYZZZZZZYII,-0.004845302159988721
IXXIIIXZZZZZZXII,-0.004845302159988721
IXYIIIYZZZZZZXII,-0.004845302159988721
IZYZZZZZYIIIIIII,-0.020461363244355255
IZXZZZZZXIIIIIII,-0.020461363244355255
IYXXZZZZYIIIIIII,-0.00165736986149948
IYYXZZZZXIIIIIII,0.00165736986149948
IXXYZZZZYIIIIIII,0.00165736986149948
IXYYZZZZXIIIIIII,-0.00165736986149948
IYXIIIIIXYIIIIII,-0.00491939993526455
IYYIIIIIYYIIIIII,-0.00491939993526455
IXXIIIIIXXIIIIII,-0.00491939993526455
IXYIIIIIYXIIIIII,-0.00491939993526455
IYXIIIIIXZZYIIII,0.0036097356863896667
IYYIIIIIYZZYIIII,0.0036097356863896667
IXXIIIIIXZZXIIII,0.0036097356863896667
IXYIIIIIYZZXIIII,0.0036097356863896667
IZYZZZZZZZYIIIII,-0.0755860748845229
IZXZZZZZZZXIIIII,-0.0755860748845229
IYXXZZZZZZYIIIII,-0.0018659991403958177
IYYXZZZZZZXIIIII,0.0018659991403958177
IXXYZZZZZZYIIIII,0.0018659991403958177
IXYYZZZZZZXIIIII,-0.0018659991403958177
IYXIIIIIIXYIIIII,-0.0036133892670983108
IYYIIIIIIXXIIIII,0.0036133892670983108
IXXIIIIIIYYIIIII,0.0036133892670983108
IXYIIIIIIYXIIIII,-0.0036133892670983108
IYXIIIIIIIXYIIII,0.0002018170183194755
IYYIIIIIIIYYIIII,0.0002018170183194755
IXXIIIIIIIXXIIII,0.0002018170183194755
IXYIIIIIIIYXIIII,0.0002018170183194755
IYXIIIIXZZZZYIII,0.002856248623168973
IYYIIIIXZZZZXIII,-0.002856248623168973
IXXIIIIYZZZZYIII,-0.002856248623168973
IXYIIIIYZZZZXIII,0.002856248623168973
IYXIIIIIIIIIXYII,-0.003955465901303046
IYYIIIIIIIIIYYII,-0.003955465901303046
IXXIIIIIIIIIXXII,-0.003955465901303046
IXYIIIIIIIIIYXII,-0.003955465901303046
IYXIIXZZZZZZZZYI,0.0028562486187746483
IYYIIXZZZZZZZZXI,-0.0028562486187746483
IXXIIYZZZZZZZZYI,-0.0028562486187746483
IXYIIYZZZZZZZZXI,0.0028562486187746483
IYXIIIIIIIIIIIXY,-0.003955465888241021
IYYIIIIIIIIIIIYY,-0.003955465888241021
IXXIIIIIIIIIIIXX,-0.003955465888241021
IXYIIIIIIIIIIIYX,-0.003955465888241021
IZIZIIIIIIIIIIII,0.1977071571831386
IZIYZZZZZYIIIIII,-0.01653852008453048
IZIXZZZZZXIIIIII,-0.01653852008453048
IZIYZZZZZZZYIIII,-0.06625788820176694
IZIXZZZZZZZXIIII,-0.06625788820176694
IYZIZZZZZYIIIIII,0.0014387560052866433
IXZIZZZZZXIIIIII,0.0014387560052866433
IYZIZZZZZZZYIIII,-0.0008303638192803653
IXZIZZZZZZZXIIII,-0.0008303638192803653
IYZXIXZZZZZZZZZY,-0.0019890535456388954
IYZYIYZZZZZZZZZY,-0.0063168502814420786
IYZYIXZZZZZZZZZX,-0.004327796735803184
IXZXIYZZZZZZZZZY,-0.004327796735803184
IXZXIXZZZZZZZZZX,-0.0063168502814420786
IXZYIYZZZZZZZZZX,-0.0019890535456388954
IYZXIIIXZZZZZYII,-0.001989053536819748
IYZYIIIYZZZZZYII,-0.006316850272494046
IYZYIIIXZZZZZXII,-0.004327796735674298
IXZXIIIYZZZZZYII,-0.004327796735674298
IXZXIIIXZZZZZXII,-0.006316850272494046
IXZYIIIYZZZZZXII,-0.001989053536819748
IYZXIIIIIXZYIIII,-3.653580708643878e-06
IYZYIIIIIYZYIIII,0.0034417241953032546
IYZYIIIIIXZXIIII,0.0034453777760118983
IXZXIIIIIYZYIIII,0.0034453777760118983
IXZXIIIIIXZXIIII,0.0034417241953032546
IXZYIIIIIYZXIIII,-3.653580708643878e-06
IZIIZIIIIIIIIIII,0.171636292806999
IYZYZIIIIIIIIIII,0.000893264340284647
IXZXZIIIIIIIIIII,0.000893264340284647
IYZZIYIIIIIIIIII,-0.0006349717249004682
IXZZIXIIIIIIIIII,-0.0006349717249004682
IYZZIZZZZYIIIIII,0.0011083813363239412
IXZZIZZZZXIIIIII,0.0011083813363239412
IYZZIZZZZZZYIIII,0.0003933391095829078
IXZZIZZZZZZXIIII,0.0003933391095829078
IYZZIZZZZZZZZZZY,-0.0008008897814174444
IXZZIZZZZZZZZZZX,-0.0008008897814174444
IYZZXIXYIIIIIIII,0.000634971749177882
IYZZYIYYIIIIIIII,0.000634971749177882
IXZZXIXXIIIIIIII,0.000634971749177882
IXZZYIYXIIIIIIII,0.000634971749177882
IYZZXIXZZZZZZYII,0.0008008898357095874
IYZZYIYZZZZZZYII,0.0008008898357095874
IXZZXIXZZZZZZXII,0.0008008898357095874
IXZZYIYZZZZZZXII,0.0008008898357095874
IYZZXXZZYIIIIIII,0.0007539813996122714
IYZZYXZZXIIIIIII,-0.0007539813996122714
IXZZXYZZYIIIIIII,-0.0007539813996122714
IXZZYYZZXIIIIIII,0.0007539813996122714
IYZZXIIIXZZZZZZY,-0.0011131137316371495
IYZZYIIIYZZZZZZY,-0.0011131137316371495
IXZZXIIIXZZZZZZX,-0.0011131137316371495
IXZZYIIIYZZZZZZX,-0.0011131137316371495
IYZZXXZZZZYIIIII,0.0011382862380907683
IYZZYXZZZZXIIIII,-0.0011382862380907683
IXZZXYZZZZYIIIII,-0.0011382862380907683
IXZZYYZZZZXIIIII,0.0011382862380907683
IYZZXIIIIIXZZZZY,-0.0015385049667942495
IYZZYIIIIIYZZZZY,-0.0015385049667942495
IXZZXIIIIIXZZZZX,-0.0015385049667942495
IXZZYIIIIIYZZZZX,-0.0015385049667942495
IZIIYZZZZZZZYIII,-8.282495453507918e-08
IZIIXZZZZZZZXIII,-8.282495453507918e-08
IYZZXIIXZZZZYIII,0.0005272595932075921
IYZZYIIXZZZZXIII,-0.0005272595932075921
IXZZXIIYZZZZYIII,-0.0005272595932075921
IXZZYIIYZZZZXIII,0.0005272595932075921
IYZZXIIIIIIIXYII,-0.0007985848195087087
IYZZYIIIIIIIYYII,-0.0007985848195087087
IXZZXIIIIIIIXXII,-0.0007985848195087087
IXZZYIIIIIIIYXII,-0.0007985848195087087
IZIIYZZZZZZZZZYI,-0.075833721199949
IZIIXZZZZZZZZZXI,-0.075833721199949
IYZYYZZZZZZZZZYI,-0.001471548117028536
IYZYXZZZZZZZZZXI,-0.001471548117028536
IXZXYZZZZZZZZZYI,-0.001471548117028536
IXZXXZZZZZZZZZXI,-0.001471548117028536
IYZZXXZZZZZZZZYI,-0.000527259588000148
IYZZYXZZZZZZZZXI,0.000527259588000148
IXZZXYZZZZZZZZYI,0.000527259588000148
IXZZYYZZZZZZZZXI,-0.000527259588000148
IYZZXIIIIXZZZZYI,8.173553674589593e-05
IYZZYIIIIXZZZZXI,-8.173553674589593e-05
IXZZXIIIIYZZZZYI,-8.173553674589593e-05
IXZZYIIIIYZZZZXI,8.173553674589593e-05
IYZZXIIIIIIXZZYI,-0.0013808142789710058
IYZZYIIIIIIXZZXI,0.0013808142789710058
IXZZXIIIIIIYZZYI,0.0013808142789710058
IXZZYIIIIIIYZZXI,-0.0013808142789710058
IYZZXIIIIIIIIIXY,0.0007985848544493556
IYZZYIIIIIIIIIYY,0.0007985848544493556
IXZZXIIIIIIIIIXX,0.0007985848544493556
IXZZYIIIIIIIIIYX,0.0007985848544493556
IZIIIZIIIIIIIIII,0.16941462344932828
IZIIIYZZZZZZZZZY,-0.07258483282302074
IZIIIXZZZZZZZZZX,-0.07258483282302074
IYZYIZIIIIIIIIII,0.004447785896580575
IXZXIZIIIIIIIIII,0.004447785896580575
IYZZZIZZZYIIIIII,0.0018623627359362126
IXZZZIZZZXIIIIII,0.0018623627359362126
IYZZZIZZZZZYIIII,0.0015316253476736763
IXZZZIZZZZZXIIII,0.0015316253476736763
IYZZZIZZZZZZZZZY,-0.0013281493694175923
IXZZZIZZZZZZZZZX,-0.0013281493694175923
IYZZZXIXZZZZZYII,0.0013281494289171796
IYZZZYIYZZZZZYII,0.0013281494431441401
IXZZZXIXZZZZZXII,0.0013281494431441401
IXZZZYIYZZZZZXII,0.0013281494289171796
IYZZZXIIIXZZZZZY,-0.0010313781948912536
IYZZZYIIIYZZZZZY,0.0005614565476117374
IYZZZYIIIXZZZZZX,0.0015928347425029907
IXZZZXIIIYZZZZZY,0.0015928347425029907
IXZZZXIIIXZZZZZX,0.0005614565476117374
IXZZZYIIIYZZZZZX,-0.0010313781948912536
IYZZZXIIIIIXZZZY,-0.002919319245765255
IYZZZYIIIIIYZZZY,0.0010784774815236053
IYZZZYIIIIIXZZZX,0.00399779672728886
IXZZZXIIIIIYZZZY,0.00399779672728886
IXZZZXIIIIIXZZZX,0.0010784774815236053
IXZZZYIIIIIYZZZX,-0.002919319245765255
IZIIIYZZZZZZZYII,-8.282495453507918e-08
IZIIIXZZZZZZZXII,-8.282495453507918e-08
IZIIIIZIIIIIIIII,0.1716362925644712
IYZYIIZIIIIIIIII,0.0008932643415631479
IXZXIIZIIIIIIIII,0.0008932643415631479
IYZZZYZIIIIIIIII,0.0006349717305302058
IXZZZXZIIIIIIIII,0.0006349717305302058
IYZZZZIZZYIIIIII,0.0011083813360090126
IXZZZZIZZXIIIIII,0.0011083813360090126
IYZZZZIZZZZYIIII,0.00039333906891747284
IXZZZZIZZZZXIIII,0.00039333906891747284
IYZZZZIZZZZZZZZY,0.000800889824691983
IXZZZZIZZZZZZZZX,0.000800889824691983
IYZZZZXXYIIIIIII,0.000753981393871948
IYZZZZYXXIIIIIII,-0.000753981393871948
IXZZZZXYYIIIIIII,-0.000753981393871948
IXZZZZYYXIIIIIII,0.000753981393871948
IYZZZZXIXZZZZYII,-0.0011131137253813051
IYZZZZYIYZZZZYII,-0.0011131137253813051
IXZZZZXIXZZZZXII,-0.0011131137253813051
IXZZZZYIYZZZZXII,-0.0011131137253813051
IYZZZZXXZZYIIIII,0.0011382862054642208
IYZZZZYXZZXIIIII,-0.0011382862054642208
IXZZZZXYZZYIIIII,-0.0011382862054642208
IXZZZZYYZZXIIIII,0.0011382862054642208
IYZZZZXIIIXZZYII,-0.0015385049206724716
IYZZZZYIIIYZZYII,-0.0015385049206724716
IXZZZZXIIIXZZXII,-0.0015385049206724716
IXZZZZYIIIYZZXII,-0.0015385049206724716
IZIIIIYZZZZZYIII,-0.07583372129385958
IZIIIIXZZZZZXIII,-0.07583372129385958
IYZYIIYZZZZZYIII,-0.0014715481125053245
IYZYIIXZZZZZXIII,-0.0014715481125053245
IXZXIIYZZZZZYIII,-0.0014715481125053245
IXZXIIXZZZZZXIII,-0.0014715481125053245
IYZZZYYZZZZZYIII,0.0005272596074345528
IYZZZYXZZZZZXIII,0.0005272596074345528
IXZZZXYZZZZZYIII,0.0005272596074345528
IXZZZXXZZZZZXIII,0.0005272596074345528
IYZZZZXIIXZZYIII,8.173553543646959e-05
IYZZZZYIIXZZXIII,-8.173553543646959e-05
IXZZZZXIIYZZYIII,-8.173553543646959e-05
IXZZZZYIIYZZXIII,8.173553543646959e-05
IYZZZZXIIIIXYIII,-0.0013808143161710526
IYZZZZYIIIIXXIII,0.0013808143161710526
IXZZZZXIIIIYYIII,0.0013808143161710526
IXZZZZYIIIIYXIII,-0.0013808143161710526
IYZZZZXIIIIIXZZY,-0.0007985847963341269
IYZZZZYIIIIIYZZY,-0.0007985847963341269
IXZZZZXIIIIIXZZX,-0.0007985847963341269
IXZZZZYIIIIIYZZX,-0.0007985847963341269
IZIIIIYZZZZZZZYI,8.282495451982406e-08
IZIIIIXZZZZZZZXI,8.282495451982406e-08
IYZZZZXXZZZZZZYI,0.0005272596408488769
IYZZZZYXZZZZZZXI,-0.0005272596408488769
IXZZZZXYZZZZZZYI,-0.0005272596408488769
IXZZZZYYZZZZZZXI,0.0005272596408488769
IYZZZZXIIIIIIXYI,0.0007985848843855946
IYZZZZYIIIIIIXXI,-0.0007985848843855946
IXZZZZXIIIIIIYYI,-0.0007985848843855946
IXZZZZYIIIIIIYXI,0.0007985848843855946
IZIIIIIZIIIIIIII,0.16941462321237824
IZIIIIIYZZZZZYII,-0.07258483291949115
IZIIIIIXZZZZZXII,-0.07258483291949115
IYZYIIIZIIIIIIII,0.004447785887129435
IXZXIIIZIIIIIIII,0.004447785887129435
IYZZZZZIZYIIIIII,0.001862362729880961
IXZZZZZIZXIIIIII,0.001862362729880961
IYZZZZZIZZZYIIII,0.0015316252743816938
IXZZZZZIZZZXIIII,0.0015316252743816938
IYZZZZZIZZZZZZZY,0.00132814946554086
IXZZZZZIZZZZZZZX,0.00132814946554086
IYZZZZZXIXZZZYII,-0.0010313781899448356
IYZZZZZYIYZZZYII,0.0005614565538680802
IYZZZZZYIXZZZXII,0.0015928347438129156
IXZZZZZXIYZZZYII,0.0015928347438129156
IXZZZZZXIXZZZXII,0.0005614565538680802
IXZZZZZYIYZZZXII,-0.0010313781899448356
IYZZZZZXIIIXZYII,-0.002919319236843524
IYZZZZZYIIIYZYII,0.0010784775257244566
IYZZZZZYIIIXZXII,0.003997796762567981
IXZZZZZXIIIYZYII,0.003997796762567981
IXZZZZZXIIIXZXII,0.0010784775257244566
IXZZZZZYIIIYZXII,-0.002919319236843524
IZIIIIIYZZZZZZZY,8.282495451982406e-08
IZIIIIIXZZZZZZZX,8.282495451982406e-08
IZIIIIIIZIIIIIII,0.2313528332074335
IYZYIIIIZIIIIIII,0.003002966335185943
IXZXIIIIZIIIIIII,0.003002966335185943
IYZZZZZZIYIIIIII,-0.003092037046093018
IXZZZZZZIXIIIIII,-0.003092037046093018
IYZZZZZZIZZYIIII,0.004020452784716274
IXZZZZZZIZZXIIII,0.004020452784716274
IZIIIIIIYZYIIIII,0.030191786923102724
IZIIIIIIXZXIIIII,0.030191786923102724
IYZYIIIIYZYIIIII,-0.00016801149108641185
IYZYIIIIXZXIIIII,-0.00016801149108641185
IXZXIIIIYZYIIIII,-0.00016801149108641185
IXZXIIIIXZXIIIII,-0.00016801149108641185
IYZZZZZZXXYIIIII,0.0024172932799790977
IYZZZZZZYXXIIIII,-0.0024172932799790977
IXZZZZZZXYYIIIII,-0.0024172932799790977
IXZZZZZZYYXIIIII,0.0024172932799790977
IYZZZZZZXIXYIIII,0.0012287513174550515
IYZZZZZZYIYYIIII,0.0012287513174550515
IXZZZZZZXIXXIIII,0.0012287513174550515
IXZZZZZZYIYXIIII,0.0012287513174550515
IYZZZZZYYZZZYIII,0.0016745702792493851
IYZZZZZYXZZZXIII,0.0016745702792493851
IXZZZZZXYZZZYIII,0.0016745702792493851
IXZZZZZXXZZZXIII,0.0016745702792493851
IYZZZZZZXIIIXYII,-0.002402480304006745
IYZZZZZZYIIIYYII,-0.002402480304006745
IXZZZZZZXIIIXXII,-0.002402480304006745
IXZZZZZZYIIIYXII,-0.002402480304006745
IYZZZYIIYZZZZZYI,0.001674570279248887
IYZZZYIIXZZZZZXI,0.001674570279248887
IXZZZXIIYZZZZZYI,0.001674570279248887
IXZZZXIIXZZZZZXI,0.001674570279248887
IYZZZZZZXIIIIIXY,-0.002402480299393047
IYZZZZZZYIIIIIYY,-0.002402480299393047
IXZZZZZZXIIIIIXX,-0.002402480299393047
IXZZZZZZYIIIIIYX,-0.002402480299393047
IZIIIIIIIZIIIIII,0.22508945930436616
IZIIIIIIIYZYIIII,0.031227560720966437
IZIIIIIIIXZXIIII,0.031227560720966437
IYZYIIIIIZIIIIII,0.007922366270450494
IXZXIIIIIZIIIIII,0.007922366270450494
IYZZZZZZZIZYIIII,0.006437746064695371
IXZZZZZZZIZXIIII,0.006437746064695371
IZIIIIIIIIZIIIII,0.17565113323538814
IYZYIIIIIIZIIIII,0.001708579404614446
IXZXIIIIIIZIIIII,0.001708579404614446
IYZZZZZZZYZIIIII,0.005020909971830417
IXZZZZZZZXZIIIII,0.005020909971830417
IYZZZZZZZZIYIIII,-0.0005913231339429956
IXZZZZZZZZIXIIII,-0.0005913231339429956
IYZZZZZYIIYZYIII,0.002616982446396928
IYZZZZZYIIXZXIII,0.002616982446396928
IXZZZZZXIIYZYIII,0.002616982446396928
IXZZZZZXIIXZXIII,0.002616982446396928
IYZZZZZZZZXIXYII,-0.003658987066412927
IYZZZZZZZZYIYYII,-0.003658987066412927
IXZZZZZZZZXIXXII,-0.003658987066412927
IXZZZZZZZZYIYXII,-0.003658987066412927
IYZZZYIIIIYZZZYI,0.0026169824483178545
IYZZZYIIIIXZZZXI,0.0026169824483178545
IXZZZXIIIIYZZZYI,0.0026169824483178545
IXZZZXIIIIXZZZXI,0.0026169824483178545
IYZZZZZZZZXIIIXY,-0.0036589870638420127
IYZZZZZZZZYIIIYY,-0.0036589870638420127
IXZZZZZZZZXIIIXX,-0.0036589870638420127
IXZZZZZZZZYIIIYX,-0.0036589870638420127
IZIIIIIIIIIZIIII,0.16706876337987994
IYZYIIIIIIIZIIII,0.0015067623862949707
IXZXIIIIIIIZIIII,0.0015067623862949707
IYZZZZZZZYIZIIII,0.0037921586543753663
IXZZZZZZZXIZIIII,0.0037921586543753663
IZIIIIIIIIIIZIII,0.19503936515099965
IYZYIIIIIIIIZIII,0.002011058205341512
IXZXIIIIIIIIZIII,0.002011058205341512
IYZZZYIIIIIIZIII,-1.2320729692545415e-05
IXZZZXIIIIIIZIII,-1.2320729692545415e-05
IYZZZZZZZYIIZIII,0.0007612016902829708
IXZZZZZZZXIIZIII,0.0007612016902829708
IYZZZZZZZZZYZIII,0.0014826795683214754
IXZZZZZZZZZXZIII,0.0014826795683214754
IYZZZZZZZZZZIZZY,-6.188937693310362e-05
IXZZZZZZZZZZIZZX,-6.188937693310362e-05
IYZZZZZYIIIIYZYI,1.2320791856050134e-05
IYZZZZZYIIIIXZXI,1.2320791856050134e-05
IXZZZZZXIIIIYZYI,1.2320791856050134e-05
IXZZZZZXIIIIXZXI,1.2320791856050134e-05
IYZZZZZZZZZZXXYI,6.188951269559353e-05
IYZZZZZZZZZZYXXI,-6.188951269559353e-05
IXZZZZZZZZZZXYYI,-6.188951269559353e-05
IXZZZZZZZZZZYYXI,6.188951269559353e-05
IZIIIIIIIIIIIZII,0.19027394028438746
IYZYIIIIIIIIIZII,0.005966524106644559
IXZXIIIIIIIIIZII,0.005966524106644559
IYZZZYIIIIIIIZII,0.0007862640898161634
IXZZZXIIIIIIIZII,0.0007862640898161634
IYZZZZZYIIIIIYZY,-0.0007862640154845103
IYZZZZZYIIIIIXZX,-0.0007862640815231111
IXZZZZZXIIIIIYZY,-0.0007862640815231111
IXZZZZZXIIIIIXZX,-0.0007862640154845103
IYZZZZZZZYIIIZII,0.0031636819942897163
IXZZZZZZZXIIIZII,0.0031636819942897163
IYZZZZZZZZZYIZII,0.005141666634734403
IXZZZZZZZZZXIZII,0.005141666634734403
IZIIIIIIIIIIIIZI,0.19503936511856113
IYZYIIIIIIIIIIZI,0.002011058203361187
IXZXIIIIIIIIIIZI,0.002011058203361187
IYZZZYIIIIIIIIZI,1.232057441943998e-05
IXZZZXIIIIIIIIZI,1.232057441943998e-05
IYZZZZZZZYIIIIZI,0.000761201691390298
IXZZZZZZZXIIIIZI,0.000761201691390298
IYZZZZZZZZZYIIZI,0.0014826795633378943
IXZZZZZZZZZXIIZI,0.0014826795633378943
IYZZZZZZZZZZZZIY,6.188926004138274e-05
IXZZZZZZZZZZZZIX,6.188926004138274e-05
IZIIIIIIIIIIIIIZ,0.19027394025625116
IYZYIIIIIIIIIIIZ,0.0059665240916022075
IXZXIIIIIIIIIIIZ,0.0059665240916022075
IYZZZYIIIIIIIIIZ,-0.0007862642800299155
IXZZZXIIIIIIIIIZ,-0.0007862642800299155
IYZZZZZZZYIIIIIZ,0.003163681990783345
IXZZZZZZZXIIIIIZ,0.003163681990783345
IYZZZZZZZZZYIIIZ,0.005141666627179907
IXZZZZZZZZZXIIIZ,0.005141666627179907
IIZZIIIIIIIIIIII,0.15066951377332904
IIYIZZZZYIIIIIII,0.0028100616857593013
IIXIZZZZXIIIIIII,0.0028100616857593013
IIYIZZZZZZYIIIII,-0.030507990778756926
IIXIZZZZZZXIIIII,-0.030507990778756926
IIYXXYIIIIIIIIII,0.02994210942073097
IIYYXXIIIIIIIIII,-0.02994210942073097
IIXXYYIIIIIIIIII,-0.02994210942073097
IIXYYXIIIIIIIIII,0.02994210942073097
IIYXIXZZZZZZZZYI,-0.007880304891972077
IIYYIYZZZZZZZZYI,-0.007880304891972077
IIXXIXZZZZZZZZXI,-0.007880304891972077
IIXYIYZZZZZZZZXI,-0.007880304891972077
IIYXIIXYIIIIIIII,0.02994210929029731
IIYYIIXXIIIIIIII,-0.02994210929029731
IIXXIIYYIIIIIIII,-0.02994210929029731
IIXYIIYXIIIIIIII,0.02994210929029731
IIYXIIIXZZZZYIII,-0.007880304998738385
IIYYIIIYZZZZYIII,-0.007880304998738385
IIXXIIIXZZZZXIII,-0.007880304998738385
IIXYIIIYZZZZXIII,-0.007880304998738385
IIZYZZZZZYIIIIII,0.0028100616857593013
IIZXZZZZZXIIIIII,0.0028100616857593013
IIYXIIIIXYIIIIII,0.02536499989751881
IIYYIIIIXXIIIIII,-0.02536499989751881
IIXXIIIIYYIIIIII,-0.02536499989751881
IIXYIIIIYXIIIIII,0.02536499989751881
IIYXIIIIIXYIIIII,0.003877138565273371
IIYYIIIIIYYIIIII,0.003877138565273371
IIXXIIIIIXXIIIII,0.003877138565273371
IIXYIIIIIYXIIIII,0.003877138565273371
IIZYZZZZZZZYIIII,-0.030507990778756922
IIZXZZZZZZZXIIII,-0.030507990778756922
IIYXIIIIXZZYIIII,-0.0038771385652733707
IIYYIIIIXZZXIIII,0.0038771385652733707
IIXXIIIIYZZYIIII,0.0038771385652733707
IIXYIIIIYZZXIIII,-0.0038771385652733707
IIYXIIIIIIXYIIII,0.02298670445155748
IIYYIIIIIIXXIIII,-0.02298670445155748
IIXXIIIIIIYYIIII,-0.02298670445155748
IIXYIIIIIIYXIIII,0.02298670445155748
IIYXIIXZZZZZZYII,0.007880304998738383
IIYYIIXZZZZZZXII,-0.007880304998738383
IIXXIIYZZZZZZYII,-0.007880304998738383
IIXYIIYZZZZZZXII,0.007880304998738383
IIYXIIIIIIIIXYII,0.013679087754881499
IIYYIIIIIIIIXXII,-0.013679087754881499
IIXXIIIIIIIIYYII,-0.013679087754881499
IIXYIIIIIIIIYXII,0.013679087754881499
IIYXXZZZZZZZZZZY,0.007880304891972077
IIYYXZZZZZZZZZZX,-0.007880304891972077
IIXXYZZZZZZZZZZY,-0.007880304891972077
IIXYYZZZZZZZZZZX,0.007880304891972077
IIYXIIIIIIIIIIXY,0.013679087757329468
IIYYIIIIIIIIIIXX,-0.013679087757329468
IIXXIIIIIIIIIIYY,-0.013679087757329468
IIXYIIIIIIIIIIYX,0.013679087757329468
IIZIZIIIIIIIIIII,0.10610457692718636
IIZIYZZZZZZZZZYI,-0.01967811647958357
IIZIXZZZZZZZZZXI,-0.01967811647958357
IIYZIZZZYIIIIIII,-0.0010242078168140915
IIXZIZZZXIIIIIII,-0.0010242078168140915
IIYZIZZZZZYIIIII,-0.024411296908997154
IIXZIZZZZZXIIIII,-0.024411296908997154
IIYZIZZZZZZZZZYI,-0.006718058029542876
IIXZIZZZZZZZZZXI,-0.006718058029542876
IIYZXIXZZZZZYIII,0.00671805729159379
IIYZYIYZZZZZYIII,0.006718057290628256
IIXZXIXZZZZZXIII,0.006718057290628256
IIXZYIYZZZZZXIII,0.00671805729159379
IIYZXIIIXZZZZZYI,0.005521059912732094
IIYZYIIIYZZZZZYI,0.006250148537214324
IIYZYIIIXZZZZZXI,0.0007290886244822294
IIXZXIIIYZZZZZYI,0.0007290886244822294
IIXZXIIIXZZZZZXI,0.006250148537214324
IIXZYIIIYZZZZZXI,0.005521059912732094
IIYZXIIIIIXZZZYI,0.00960626450764822
IIYZYIIIIIYZZZYI,0.01387037132124232
IIYZYIIIIIXZZZXI,0.004264106813594102
IIXZXIIIIIYZZZYI,0.004264106813594102
IIXZXIIIIIXZZZXI,0.01387037132124232
IIXZYIIIIIYZZZXI,0.00960626450764822
IIZIIZIIIIIIIIII,0.13604668634791733
IIYZYZIIIIIIIIII,-0.011741208708768786
IIXZXZIIIIIIIIII,-0.011741208708768786
IIYZZIZZYIIIIIII,0.00022365457315536792
IIXZZIZZXIIIIIII,0.00022365457315536792
IIYZZIZZZZYIIIII,-0.0181760865196312
IIXZZIZZZZXIIIII,-0.0181760865196312
IIYZZIZZZZZZZZYI,0.0034549770342757946
IIXZZIZZZZZZZZXI,0.0034549770342757946
IIYZZXXYIIIIIIII,-0.011741208844841935
IIYZZYXXIIIIIIII,0.011741208844841935
IIXZZXYYIIIIIIII,0.011741208844841935
IIXZZYYXIIIIIIII,-0.011741208844841935
IIYZZXIXZZZZYIII,-0.0034549774173836256
IIYZZYIYZZZZYIII,-0.0034549774173836256
IIXZZXIXZZZZXIII,-0.0034549774173836256
IIXZZYIYZZZZXIII,-0.0034549774173836256
IIYZYYZZZYIIIIII,-0.0012478623899694595
IIYZYXZZZXIIIIII,-0.0012478623899694595
IIXZXYZZZYIIIIII,-0.0012478623899694595
IIXZXXZZZXIIIIII,-0.0012478623899694595
IIYZZXIIIXZZZZYI,-0.005433859545012556
IIYZZYIIIYZZZZYI,-0.005433859545012556
IIXZZXIIIXZZZZXI,-0.005433859545012556
IIXZZYIIIYZZZZXI,-0.005433859545012556
IIYZYYZZZZZYIIII,-0.006235210389365954
IIYZYXZZZZZXIIII,-0.006235210389365954
IIXZXYZZZZZYIIII,-0.006235210389365954
IIXZXXZZZZZXIIII,-0.006235210389365954
IIYZZXIIIIIXZZYI,-0.009596837963692565
IIYZZYIIIIIYZZYI,-0.009596837963692565
IIXZZXIIIIIXZZXI,-0.009596837963692565
IIXZZYIIIIIYZZXI,-0.009596837963692565
IIYZZXXZZZZZZYII,0.010173034708977416
IIYZZYXZZZZZZXII,-0.010173034708977416
IIXZZXYZZZZZZYII,-0.010173034708977416
IIXZZYYZZZZZZXII,0.010173034708977416
IIYZZXIIIIIIXYII,-0.0011868655435475401
IIYZZYIIIIIIXXII,0.0011868655435475401
IIXZZXIIIIIIYYII,0.0011868655435475401
IIXZZYIIIIIIYXII,-0.0011868655435475401
IIZIIYZZZZZZZZZY,-0.02755842137155565
IIZIIXZZZZZZZZZX,-0.02755842137155565
IIYZYYZZZZZZZZZY,-0.01017303506381867
IIYZYXZZZZZZZZZX,-0.01017303506381867
IIXZXYZZZZZZZZZY,-0.01017303506381867
IIXZXXZZZZZZZZZX,-0.01017303506381867
IIYZZXIIXZZZZZZY,0.01095491945774465
IIYZZYIIXZZZZZZX,-0.01095491945774465
IIXZZXIIYZZZZZZY,-0.01095491945774465
IIXZZYIIYZZZZZZX,0.01095491945774465
IIYZZXIIIIXZZZZY,0.019203102471340782
IIYZZYIIIIXZZZZX,-0.019203102471340782
IIXZZXIIIIYZZZZY,-0.019203102471340782
IIXZZYIIIIYZZZZX,0.019203102471340782
IIYZZXIIIIIIIIXY,0.001186866311066497
IIYZZYIIIIIIIIXX,-0.001186866311066497
IIXZZXIIIIIIIIYY,-0.001186866311066497
IIXZZYIIIIIIIIYX,0.001186866311066497
IIZIIIZIIIIIIIII,0.10610457679888358
IIZIIIYZZZZZYIII,-0.019678116591416498
IIZIIIXZZZZZXIII,-0.019678116591416498
IIYZZZIZYIIIIIII,-0.0010242078320630821
IIXZZZIZXIIIIIII,-0.0010242078320630821
IIYZZZIZZZYIIIII,-0.02441129726073117
IIXZZZIZZZXIIIII,-0.02441129726073117
IIYZZZIZZZZZZZYI,0.006718056614509571
IIXZZZIZZZZZZZXI,0.006718056614509571
IIYZZZXIXZZZYIII,0.005521059931997334
IIYZZZYIYZZZYIII,0.006250148565145511
IIYZZZYIXZZZXIII,0.0007290886331481749
IIXZZZXIYZZZYIII,0.0007290886331481749
IIXZZZXIXZZZXIII,0.006250148565145511
IIXZZZYIYZZZXIII,0.005521059931997334
IIYZZZXIIIXZYIII,0.009606264528486121
IIYZZZYIIIYZYIII,0.013870371642036666
IIYZZZYIIIXZXIII,0.004264107113550545
IIXZZZXIIIYZYIII,0.004264107113550545
IIXZZZXIIIXZXIII,0.013870371642036666
IIXZZZYIIIYZXIII,0.009606264528486121
IIZIIIIZIIIIIIII,0.13604668608918088
IIYZYIIZIIIIIIII,0.011741208784622835
IIXZXIIZIIIIIIII,0.011741208784622835
IIYZZZZIYIIIIIII,0.00022365462378106125
IIXZZZZIXIIIIIII,0.00022365462378106125
IIYZZZZIZZYIIIII,-0.01817608632628659
IIXZZZZIZZXIIIII,-0.01817608632628659
IIYZZZZIZZZZZZYI,-0.0034549780358439494
IIXZZZZIZZZZZZXI,-0.0034549780358439494
IIYZZZYYZYIIIIII,-0.0012478624558441434
IIYZZZYXZXIIIIII,-0.0012478624558441434
IIXZZZXYZYIIIIII,-0.0012478624558441434
IIXZZZXXZXIIIIII,-0.0012478624558441434
IIYZZZZXIXZZYIII,-0.005433859537394198
IIYZZZZYIYZZYIII,-0.005433859537394198
IIXZZZZXIXZZXIII,-0.005433859537394198
IIXZZZZYIYZZXIII,-0.005433859537394198
IIYZZZYYZZZYIIII,-0.006235210934444586
IIYZZZYXZZZXIIII,-0.006235210934444586
IIXZZZXYZZZYIIII,-0.006235210934444586
IIXZZZXXZZZXIIII,-0.006235210934444586
IIYZZZZXIIIXYIII,-0.009596837975421747
IIYZZZZYIIIYYIII,-0.009596837975421747
IIXZZZZXIIIXXIII,-0.009596837975421747
IIXZZZZYIIIYXIII,-0.009596837975421747
IIZIIIIYZZZZZYII,-0.027558421590154883
IIZIIIIXZZZZZXII,-0.027558421590154883
IIYZYIIYZZZZZYII,0.010173034708011883
IIYZYIIXZZZZZXII,0.010173034708011883
IIXZXIIYZZZZZYII,0.010173034708011883
IIXZXIIXZZZZZXII,0.010173034708011883
IIYZZZZXXZZZZYII,0.010954919469391535
IIYZZZZYXZZZZXII,-0.010954919469391535
IIXZZZZXYZZZZYII,-0.010954919469391535
IIXZZZZYYZZZZXII,0.010954919469391535
IIYZZZZXIIXZZYII,0.01920310250390787
IIYZZZZYIIXZZXII,-0.01920310250390787
IIXZZZZXIIYZZYII,-0.01920310250390787
IIXZZZZYIIYZZXII,0.01920310250390787
IIYZZZZXIIIIIXYI,0.001186864986290991
IIYZZZZYIIIIIYYI,0.001186864986290991
IIXZZZZXIIIIIXXI,0.001186864986290991
IIXZZZZYIIIIIYXI,0.001186864986290991
IIYZZZYYZZZZZZZY,0.010173034650353522
IIYZZZYXZZZZZZZX,0.010173034650353522
IIXZZZXYZZZZZZZY,0.010173034650353522
IIXZZZXXZZZZZZZX,0.010173034650353522
IIYZZZZXIIIIXZZY,-0.001186865245747272
IIYZZZZYIIIIXZZX,0.001186865245747272
IIXZZZZXIIIIYZZY,0.001186865245747272
IIXZZZZYIIIIYZZX,-0.001186865245747272
IIZIIIIIZIIIIIII,0.12288453124737363
IIZIIIIIYZYIIIII,0.011403154402613826
IIZIIIIIXZXIIIII,0.011403154402613826
IIYZZZZZIZYIIIII,-0.024229450837090452
IIXZZZZZIZXIIIII,-0.024229450837090452
IIZIIIIIIZIIIIII,0.14824953114489242
IIYZZZZZYZIIIIII,-0.023170652729791963
IIXZZZZZXZIIIIII,-0.023170652729791963
IIYZZZZZZIYIIIII,-0.02941878188290288
IIXZZZZZZIXIIIII,-0.02941878188290288
IIZIIIIIIYZYIIII,0.015280292967887198
IIZIIIIIIXZXIIII,0.015280292967887198
IIYZZZZZYYZYIIII,0.0051893310458124295
IIYZZZZZYXZXIIII,0.0051893310458124295
IIXZZZZZXYZYIIII,0.0051893310458124295
IIXZZZZZXXZXIIII,0.0051893310458124295
IIYZZZZZZXXYIIII,-0.01310805487713194
IIYZZZZZZYXXIIII,0.01310805487713194
IIXZZZZZZXYYIIII,0.01310805487713194
IIXZZZZZZYYXIIII,-0.01310805487713194
IIYZZZYIIYZZZYII,0.011684008102539709
IIYZZZYIIXZZZXII,0.011684008102539709
IIXZZZXIIYZZZYII,0.011684008102539709
IIXZZZXIIXZZZXII,0.011684008102539709
IIYZZZZZZXIIXYII,0.003572339799363536
IIYZZZZZZYIIXXII,-0.003572339799363536
IIXZZZZZZXIIYYII,-0.003572339799363536
IIXZZZZZZYIIYXII,0.003572339799363536
IIYZYIIIIYZZZZZY,0.011684008082226877
IIYZYIIIIXZZZZZX,0.011684008082226877
IIXZXIIIIYZZZZZY,0.011684008082226877
IIXZXIIIIXZZZZZX,0.011684008082226877
IIYZZZZZZXIIIIXY,0.003572339770543527
IIYZZZZZZYIIIIXX,-0.003572339770543527
IIXZZZZZZXIIIIYY,-0.003572339770543527
IIXZZZZZZYIIIIYX,0.003572339770543527
IIZIIIIIIIZIIIII,0.10866532527576649
IIYZZZZZYIZIIIII,-6.952029344244222e-05
IIXZZZZZXIZIIIII,-6.952029344244222e-05
IIZIIIIIIIIZIIII,0.13165202972732398
IIYZZZZZYIIZIIII,0.0130385345836895
IIXZZZZZXIIZIIII,0.0130385345836895
IIYZZZZZZZYZIIII,-0.021360894009713447
IIXZZZZZZZXZIIII,-0.021360894009713447
IIYZZZYIIIIYZYII,0.023467209617458414
IIYZZZYIIIIXZXII,0.023467209617458414
IIXZZZXIIIIYZYII,0.023467209617458414
IIXZZZXIIIIXZXII,0.023467209617458414
IIYZZZZZZZZXXYII,0.0007343486480811115
IIYZZZZZZZZYXXII,-0.0007343486480811115
IIXZZZZZZZZXYYII,-0.0007343486480811115
IIXZZZZZZZZYYXII,0.0007343486480811115
IIYZYIIIIIIYZZZY,0.02346720928493489
IIYZYIIIIIIXZZZX,0.02346720928493489
IIXZXIIIIIIYZZZY,0.02346720928493489
IIXZXIIIIIIXZZZX,0.02346720928493489
IIYZZZZZZZZXIIXY,0.0007343488531714279
IIYZZZZZZZZYIIXX,-0.0007343488531714279
IIXZZZZZZZZXIIYY,-0.0007343488531714279
IIXZZZZZZZZYIIYX,0.0007343488531714279
IIZIIIIIIIIIZIII,0.12241951851746184
IIYZYIIIIIIIZIII,0.006106769035260196
IIXZXIIIIIIIZIII,0.006106769035260196
IIYZZZYIIIIIYZYI,-0.006106768936924521
IIYZZZYIIIIIXZXI,-0.00610676874233231
IIXZZZXIIIIIYZYI,-0.00610676874233231
IIXZZZXIIIIIXZXI,-0.006106768936924521
IIYZZZZZYIIIZIII,-0.00032063283229812414
IIXZZZZZXIIIZIII,-0.00032063283229812414
IIYZZZZZZZYIZIII,-0.019096234669927475
IIXZZZZZZZXIZIII,-0.019096234669927475
IIZIIIIIIIIIIZII,0.13609860627234335
IIYZYIIIIIIIIZII,0.007293634578807736
IIXZXIIIIIIIIZII,0.007293634578807736
IIYZZZZZYIIIIZII,-0.0038929726316616602
IIXZZZZZXIIIIZII,-0.0038929726316616602
IIYZZZZZZZYIIZII,-0.019830583318008584
IIXZZZZZZZXIIZII,-0.019830583318008584
IIYZZZZZZZZZZIYI,-0.005847901304814513
IIXZZZZZZZZZZIXI,-0.005847901304814513
IIYZZZYIIIIIIYZY,-0.007293633955647546
IIYZZZYIIIIIIXZX,-0.007293633955647546
IIXZZZXIIIIIIYZY,-0.007293633955647546
IIXZZZXIIIIIIXZX,-0.007293633955647546
IIYZZZZZZZZZYYZY,0.005847900716820892
IIYZZZZZZZZZYXZX,0.005847900716820892
IIXZZZZZZZZZXYZY,0.005847900716820892
IIXZZZZZZZZZXXZX,0.005847900716820892
IIZIIIIIIIIIIIZI,0.12241951862761286
IIYZYIIIIIIIIIZI,-0.006106769530521922
IIXZXIIIIIIIIIZI,-0.006106769530521922
IIYZZZZZYIIIIIZI,-0.0003206328561883618
IIXZZZZZXIIIIIZI,-0.0003206328561883618
IIYZZZZZZZYIIIZI,-0.01909623470549347
IIXZZZZZZZXIIIZI,-0.01909623470549347
IIZIIIIIIIIIIIIZ,0.1360986063849423
IIYZYIIIIIIIIIIZ,-0.0072936358415884184
IIXZXIIIIIIIIIIZ,-0.0072936358415884184
IIYZZZZZYIIIIIIZ,-0.0038929726267318884
IIXZZZZZXIIIIIIZ,-0.0038929726267318884
IIYZZZZZZZYIIIIZ,-0.019830583558664898
IIXZZZZZZZXIIIIZ,-0.019830583558664898
IIYZZZZZZZZZZZYZ,0.0058479000968534485
IIXZZZZZZZZZZZXZ,0.0058479000968534485
IIIZZIIIIIIIIIII,0.13604668634791733
IIIYIYIIIIIIIIII,-0.011741208708768788
IIIXIXIIIIIIIIII,-0.011741208708768788
IIIYIZZZZYIIIIII,0.00022365457315536792
IIIXIZZZZXIIIIII,0.00022365457315536792
IIIYIZZZZZZYIIII,-0.0181760865196312
IIIXIZZZZZZXIIII,-0.0181760865196312
IIIYIZZZZZZZZZZY,0.0034549770342757946
IIIXIZZZZZZZZZZX,0.0034549770342757946
IIIYXIXYIIIIIIII,0.011741208844841935
IIIYYIYYIIIIIIII,0.011741208844841935
IIIXXIXXIIIIIIII,0.011741208844841935
IIIXYIYXIIIIIIII,0.011741208844841935
IIIYXIXZZZZZZYII,-0.0034549774173836256
IIIYYIYZZZZZZYII,-0.0034549774173836256
IIIXXIXZZZZZZXII,-0.0034549774173836256
IIIXYIYZZZZZZXII,-0.0034549774173836256
IIIYXXZZYIIIIIII,-0.0012478623899694595
IIIYYXZZXIIIIIII,0.0012478623899694595
IIIXXYZZYIIIIIII,0.0012478623899694595
IIIXYYZZXIIIIIII,-0.0012478623899694595
IIIYXIIIXZZZZZZY,-0.005433859545012556
IIIYYIIIYZZZZZZY,-0.005433859545012556
IIIXXIIIXZZZZZZX,-0.005433859545012556
IIIXYIIIYZZZZZZX,-0.005433859545012556
IIIYXXZZZZYIIIII,-0.006235210389365954
IIIYYXZZZZXIIIII,0.006235210389365954
IIIXXYZZZZYIIIII,0.006235210389365954
IIIXYYZZZZXIIIII,-0.006235210389365954
IIIYXIIIIIXZZZZY,-0.009596837963692565
IIIYYIIIIIYZZZZY,-0.009596837963692565
IIIXXIIIIIXZZZZX,-0.009596837963692565
IIIXYIIIIIYZZZZX,-0.009596837963692565
IIIYXIIXZZZZYIII,0.010173034708977416
IIIYYIIXZZZZXIII,-0.010173034708977416
IIIXXIIYZZZZYIII,-0.010173034708977416
IIIXYIIYZZZZXIII,0.010173034708977416
IIIYXIIIIIIIXYII,0.0011868655435475401
IIIYYIIIIIIIYYII,0.0011868655435475401
IIIXXIIIIIIIXXII,0.0011868655435475401
IIIXYIIIIIIIYXII,0.0011868655435475401
IIIZYZZZZZZZZZYI,-0.02755842137155565
IIIZXZZZZZZZZZXI,-0.02755842137155565
IIIYXXZZZZZZZZYI,-0.010173035063818671
IIIYYXZZZZZZZZXI,0.010173035063818671
IIIXXYZZZZZZZZYI,0.010173035063818671
IIIXYYZZZZZZZZXI,-0.010173035063818671
IIIYXIIIIXZZZZYI,0.01095491945774465
IIIYYIIIIXZZZZXI,-0.01095491945774465
IIIXXIIIIYZZZZYI,-0.01095491945774465
IIIXYIIIIYZZZZXI,0.01095491945774465
IIIYXIIIIIIXZZYI,0.019203102471340782
IIIYYIIIIIIXZZXI,-0.019203102471340782
IIIXXIIIIIIYZZYI,-0.019203102471340782
IIIXYIIIIIIYZZXI,0.019203102471340782
IIIYXIIIIIIIIIXY,-0.001186866311066497
IIIYYIIIIIIIIIYY,-0.001186866311066497
IIIXXIIIIIIIIIXX,-0.001186866311066497
IIIXYIIIIIIIIIYX,-0.001186866311066497
IIIZIZIIIIIIIIII,0.10610457692718636
IIIZIYZZZZZZZZZY,-0.01967811647958357
IIIZIXZZZZZZZZZX,-0.01967811647958357
IIIYZIZZZYIIIIII,-0.0010242078168140915
IIIXZIZZZXIIIIII,-0.0010242078168140915
IIIYZIZZZZZYIIII,-0.024411296908997154
IIIXZIZZZZZXIIII,-0.024411296908997154
IIIYZIZZZZZZZZZY,-0.006718058029542876
IIIXZIZZZZZZZZZX,-0.006718058029542876
IIIYZXIXZZZZZYII,0.00671805729159379
IIIYZYIYZZZZZYII,0.006718057290628256
IIIXZXIXZZZZZXII,0.006718057290628256
IIIXZYIYZZZZZXII,0.00671805729159379
IIIYZXIIIXZZZZZY,0.005521059912732094
IIIYZYIIIYZZZZZY,0.006250148537214324
IIIYZYIIIXZZZZZX,0.0007290886244822294
IIIXZXIIIYZZZZZY,0.0007290886244822294
IIIXZXIIIXZZZZZX,0.006250148537214324
IIIXZYIIIYZZZZZX,0.005521059912732094
IIIYZXIIIIIXZZZY,0.00960626450764822
IIIYZYIIIIIYZZZY,0.01387037132124232
IIIYZYIIIIIXZZZX,0.004264106813594102
IIIXZXIIIIIYZZZY,0.004264106813594102
IIIXZXIIIIIXZZZX,0.01387037132124232
IIIXZYIIIIIYZZZX,0.00960626450764822
IIIZIIZIIIIIIIII,0.13604668608918088
IIIYZYZIIIIIIIII,0.011741208784622835
IIIXZXZIIIIIIIII,0.011741208784622835
IIIYZZIZZYIIIIII,0.00022365462378106125
IIIXZZIZZXIIIIII,0.00022365462378106125
IIIYZZIZZZZYIIII,-0.01817608632628659
IIIXZZIZZZZXIIII,-0.01817608632628659
IIIYZZIZZZZZZZZY,-0.0034549780358439494
IIIXZZIZZZZZZZZX,-0.0034549780358439494
IIIYZZXXYIIIIIII,-0.0012478624558441434
IIIYZZYXXIIIIIII,0.0012478624558441434
IIIXZZXYYIIIIIII,0.0012478624558441434
IIIXZZYYXIIIIIII,-0.0012478624558441434
IIIYZZXIXZZZZYII,-0.005433859537394198
IIIYZZYIYZZZZYII,-0.005433859537394198
IIIXZZXIXZZZZXII,-0.005433859537394198
IIIXZZYIYZZZZXII,-0.005433859537394198
IIIYZZXXZZYIIIII,-0.006235210934444586
IIIYZZYXZZXIIIII,0.006235210934444586
IIIXZZXYZZYIIIII,0.006235210934444586
IIIXZZYYZZXIIIII,-0.006235210934444586
IIIYZZXIIIXZZYII,-0.009596837975421747
IIIYZZYIIIYZZYII,-0.009596837975421747
IIIXZZXIIIXZZXII,-0.009596837975421747
IIIXZZYIIIYZZXII,-0.009596837975421747
IIIZIIYZZZZZYIII,-0.027558421590154883
IIIZIIXZZZZZXIII,-0.027558421590154883
IIIYZYYZZZZZYIII,0.010173034708011883
IIIYZYXZZZZZXIII,0.010173034708011883
IIIXZXYZZZZZYIII,0.010173034708011883
IIIXZXXZZZZZXIII,0.010173034708011883
IIIYZZXIIXZZYIII,0.010954919469391535
IIIYZZYIIXZZXIII,-0.010954919469391535
IIIXZZXIIYZZYIII,-0.010954919469391535
IIIXZZYIIYZZXIII,0.010954919469391535
IIIYZZXIIIIXYIII,0.01920310250390787
IIIYZZYIIIIXXIII,-0.01920310250390787
IIIXZZXIIIIYYIII,-0.01920310250390787
IIIXZZYIIIIYXIII,0.01920310250390787
IIIYZZXIIIIIXZZY,0.001186864986290991
IIIYZZYIIIIIYZZY,0.001186864986290991
IIIXZZXIIIIIXZZX,0.001186864986290991
IIIXZZYIIIIIYZZX,0.001186864986290991
IIIYZZXXZZZZZZYI,0.010173034650353522
IIIYZZYXZZZZZZXI,-0.010173034650353522
IIIXZZXYZZZZZZYI,-0.010173034650353522
IIIXZZYYZZZZZZXI,0.010173034650353522
IIIYZZXIIIIIIXYI,-0.001186865245747272
IIIYZZYIIIIIIXXI,0.001186865245747272
IIIXZZXIIIIIIYYI,0.001186865245747272
IIIXZZYIIIIIIYXI,-0.001186865245747272
IIIZIIIZIIIIIIII,0.10610457679888358
IIIZIIIYZZZZZYII,-0.019678116591416498
IIIZIIIXZZZZZXII,-0.019678116591416498
IIIYZZZIZYIIIIII,-0.0010242078320630821
IIIXZZZIZXIIIIII,-0.0010242078320630821
IIIYZZZIZZZYIIII,-0.02441129726073117
IIIXZZZIZZZXIIII,-0.02441129726073117
IIIYZZZIZZZZZZZY,0.006718056614509571
IIIXZZZIZZZZZZZX,0.006718056614509571
IIIYZZZXIXZZZYII,0.005521059931997334
IIIYZZZYIYZZZYII,0.006250148565145511
IIIYZZZYIXZZZXII,0.0007290886331481749
IIIXZZZXIYZZZYII,0.0007290886331481749
IIIXZZZXIXZZZXII,0.006250148565145511
IIIXZZZYIYZZZXII,0.005521059931997334
IIIYZZZXIIIXZYII,0.009606264528486121
IIIYZZZYIIIYZYII,0.013870371642036666
IIIYZZZYIIIXZXII,0.004264107113550545
IIIXZZZXIIIYZYII,0.004264107113550545
IIIXZZZXIIIXZXII,0.013870371642036666
IIIXZZZYIIIYZXII,0.009606264528486121
IIIZIIIIZIIIIIII,0.14824953114489242
IIIYZZZZIYIIIIII,-0.023170652729791963
IIIXZZZZIXIIIIII,-0.023170652729791963
IIIYZZZZIZZYIIII,-0.02941878188290288
IIIXZZZZIZZXIIII,-0.02941878188290288
IIIZIIIIYZYIIIII,0.015280292967887198
IIIZIIIIXZXIIIII,0.015280292967887198
IIIYZZZZXXYIIIII,0.00518933104581243
IIIYZZZZYXXIIIII,-0.00518933104581243
IIIXZZZZXYYIIIII,-0.00518933104581243
IIIXZZZZYYXIIIII,0.00518933104581243
IIIYZZZZXIXYIIII,0.01310805487713194
IIIYZZZZYIYYIIII,0.01310805487713194
IIIXZZZZXIXXIIII,0.01310805487713194
IIIXZZZZYIYXIIII,0.01310805487713194
IIIYZZZYYZZZYIII,0.011684008102539709
IIIYZZZYXZZZXIII,0.011684008102539709
IIIXZZZXYZZZYIII,0.011684008102539709
IIIXZZZXXZZZXIII,0.011684008102539709
IIIYZZZZXIIIXYII,-0.003572339799363536
IIIYZZZZYIIIYYII,-0.003572339799363536
IIIXZZZZXIIIXXII,-0.003572339799363536
IIIXZZZZYIIIYXII,-0.003572339799363536
IIIYZYIIYZZZZZYI,0.011684008082226877
IIIYZYIIXZZZZZXI,0.011684008082226877
IIIXZXIIYZZZZZYI,0.011684008082226877
IIIXZXIIXZZZZZXI,0.011684008082226877
IIIYZZZZXIIIIIXY,-0.0035723397705435273
IIIYZZZZYIIIIIYY,-0.0035723397705435273
IIIXZZZZXIIIIIXX,-0.0035723397705435273
IIIXZZZZYIIIIIYX,-0.0035723397705435273
IIIZIIIIIZIIIIII,0.12288453124737363
IIIZIIIIIYZYIIII,0.011403154402613826
IIIZIIIIIXZXIIII,0.011403154402613826
IIIYZZZZZIZYIIII,-0.024229450837090452
IIIXZZZZZIZXIIII,-0.024229450837090452
IIIZIIIIIIZIIIII,0.13165202972732398
IIIYZZZZZYZIIIII,0.0130385345836895
IIIXZZZZZXZIIIII,0.0130385345836895
IIIYZZZZZZIYIIII,-0.021360894009713447
IIIXZZZZZZIXIIII,-0.021360894009713447
IIIYZZZYIIYZYIII,0.023467209617458414
IIIYZZZYIIXZXIII,0.023467209617458414
IIIXZZZXIIYZYIII,0.023467209617458414
IIIXZZZXIIXZXIII,0.023467209617458414
IIIYZZZZZZXIXYII,-0.0007343486480811115
IIIYZZZZZZYIYYII,-0.0007343486480811115
IIIXZZZZZZXIXXII,-0.0007343486480811115
IIIXZZZZZZYIYXII,-0.0007343486480811115
IIIYZYIIIIYZZZYI,0.02346720928493489
IIIYZYIIIIXZZZXI,0.02346720928493489
IIIXZXIIIIYZZZYI,0.02346720928493489
IIIXZXIIIIXZZZXI,0.02346720928493489
IIIYZZZZZZXIIIXY,-0.0007343488531714279
IIIYZZZZZZYIIIYY,-0.0007343488531714279
IIIXZZZZZZXIIIXX,-0.0007343488531714279
IIIXZZZZZZYIIIYX,-0.0007343488531714279
IIIZIIIIIIIZIIII,0.10866532527576649
IIIYZZZZZYIZIIII,-6.952029344244222e-05
IIIXZZZZZXIZIIII,-6.952029344244222e-05
IIIZIIIIIIIIZIII,0.13609860627234335
IIIYZYIIIIIIZIII,0.007293634578807736
IIIXZXIIIIIIZIII,0.007293634578807736
IIIYZZZZZYIIZIII,-0.0038929726316616602
IIIXZZZZZXIIZIII,-0.0038929726316616602
IIIYZZZZZZZYZIII,-0.019830583318008584
IIIXZZZZZZZXZIII,-0.019830583318008584
IIIYZZZZZZZZIZZY,-0.005847901304814513
IIIXZZZZZZZZIZZX,-0.005847901304814513
IIIYZZZYIIIIYZYI,-0.007293633955647546
IIIYZZZYIIIIXZXI,-0.007293633955647546
IIIXZZZXIIIIYZYI,-0.007293633955647546
IIIXZZZXIIIIXZXI,-0.007293633955647546
IIIYZZZZZZZZXXYI,0.005847900716820892
IIIYZZZZZZZZYXXI,-0.005847900716820892
IIIXZZZZZZZZXYYI,-0.005847900716820892
IIIXZZZZZZZZYYXI,0.005847900716820892
IIIZIIIIIIIIIZII,0.12241951851746184
IIIYZYIIIIIIIZII,0.006106769035260196
IIIXZXIIIIIIIZII,0.006106769035260196
IIIYZZZYIIIIIYZY,-0.006106768936924521
IIIYZZZYIIIIIXZX,-0.00610676874233231
IIIXZZZXIIIIIYZY,-0.00610676874233231
IIIXZZZXIIIIIXZX,-0.006106768936924521
IIIYZZZZZYIIIZII,-0.00032063283229812414
IIIXZZZZZXIIIZII,-0.00032063283229812414
IIIYZZZZZZZYIZII,-0.019096234669927475
IIIXZZZZZZZXIZII,-0.019096234669927475
IIIZIIIIIIIIIIZI,0.1360986063849423
IIIYZYIIIIIIIIZI,-0.0072936358415884184
IIIXZXIIIIIIIIZI,-0.0072936358415884184
IIIYZZZZZYIIIIZI,-0.0038929726267318884
IIIXZZZZZXIIIIZI,-0.0038929726267318884
IIIYZZZZZZZYIIZI,-0.019830583558664898
IIIXZZZZZZZXIIZI,-0.019830583558664898
IIIYZZZZZZZZZZIY,0.005847900096853449
IIIXZZZZZZZZZZIX,0.005847900096853449
IIIZIIIIIIIIIIIZ,0.12241951862761286
IIIYZYIIIIIIIIIZ,-0.006106769530521922
IIIXZXIIIIIIIIIZ,-0.006106769530521922
IIIYZZZZZYIIIIIZ,-0.0003206328561883618
IIIXZZZZZXIIIIIZ,-0.0003206328561883618
IIIYZZZZZZZYIIIZ,-0.01909623470549347
IIIXZZZZZZZXIIIZ,-0.01909623470549347
IIIIZZIIIIIIIIII,0.14033447710727115
IIIIYIZZYIIIIIII,0.0026931831680360886
IIIIXIZZXIIIIIII,0.0026931831680360886
IIIIYIZZZZYIIIII,0.0082583049668453
IIIIXIZZZZXIIIII,0.0082583049668453
IIIIYIZZZZZZZZYI,-0.01452435538703357
IIIIXIZZZZZZZZXI,-0.01452435538703357
IIIIYXXYIIIIIIII,0.010933545938940551
IIIIYYXXIIIIIIII,-0.010933545938940551
IIIIXXYYIIIIIIII,-0.010933545938940551
IIIIXYYXIIIIIIII,0.010933545938940551
IIIIYXIXZZZZYIII,0.0036360037073745717
IIIIYYIYZZZZYIII,0.0036360037073745717
IIIIXXIXZZZZXIII,0.0036360037073745717
IIIIXYIYZZZZXIII,0.0036360037073745717
IIIIZYZZZYIIIIII,0.0026931831680360886
IIIIZXZZZXIIIIII,0.0026931831680360886
IIIIYXIIXYIIIIII,0.007421118926776472
IIIIYYIIXXIIIIII,-0.007421118926776472
IIIIXXIIYYIIIIII,-0.007421118926776472
IIIIXYIIYXIIIIII,0.007421118926776472
IIIIYXIIIXYIIIII,-0.0035047219716796228
IIIIYYIIIYYIIIII,-0.0035047219716796228
IIIIXXIIIXXIIIII,-0.0035047219716796228
IIIIXYIIIYXIIIII,-0.0035047219716796228
IIIIYXIIIXZZZZYI,-0.002571408729225523
IIIIYYIIIYZZZZYI,-0.002571408729225523
IIIIXXIIIXZZZZXI,-0.002571408729225523
IIIIXYIIIYZZZZXI,-0.002571408729225523
IIIIZYZZZZZYIIII,0.0082583049668453
IIIIZXZZZZZXIIII,0.0082583049668453
IIIIYXIIXZZYIIII,0.0035047219716796228
IIIIYYIIXZZXIIII,-0.0035047219716796228
IIIIXXIIYZZYIIII,-0.0035047219716796228
IIIIXYIIYZZXIIII,0.0035047219716796228
IIIIYXIIIIXYIIII,0.014390349431865374
IIIIYYIIIIXXIIII,-0.014390349431865374
IIIIXXIIIIYYIIII,-0.014390349431865374
IIIIXYIIIIYXIIII,0.014390349431865374
IIIIYXIIIIIXZZYI,-0.007136180567074415
IIIIYYIIIIIYZZYI,-0.007136180567074415
IIIIXXIIIIIXZZXI,-0.007136180567074415
IIIIXYIIIIIYZZXI,-0.007136180567074415
IIIIYXXZZZZZZYII,-0.0036360037073745717
IIIIYYXZZZZZZXII,0.0036360037073745717
IIIIXXYZZZZZZYII,0.0036360037073745717
IIIIXYYZZZZZZXII,-0.0036360037073745717
IIIIYXIIIIIIXYII,0.008552093720972468
IIIIYYIIIIIIXXII,-0.008552093720972468
IIIIXXIIIIIIYYII,-0.008552093720972468
IIIIXYIIIIIIYXII,0.008552093720972468
IIIIZYZZZZZZZZZY,-0.01452435538703357
IIIIZXZZZZZZZZZX,-0.01452435538703357
IIIIYXIIXZZZZZZY,0.002571408729225523
IIIIYYIIXZZZZZZX,-0.002571408729225523
IIIIXXIIYZZZZZZY,-0.002571408729225523
IIIIXYIIYZZZZZZX,0.002571408729225523
IIIIYXIIIIXZZZZY,0.007136180567074414
IIIIYYIIIIXZZZZX,-0.007136180567074414
IIIIXXIIIIYZZZZY,-0.007136180567074414
IIIIXYIIIIYZZZZX,0.007136180567074414
IIIIYXIIIIIIIIXY,0.0342435263470417
IIIIYYIIIIIIIIXX,-0.0342435263470417
IIIIXXIIIIIIIIYY,-0.0342435263470417
IIIIXYIIIIIIIIYX,0.0342435263470417
IIIIZIZIIIIIIIII,0.10753383944983398
IIIIZIYZZZZZYIII,-0.025432366699613705
IIIIZIXZZZZZXIII,-0.025432366699613705
IIIIYZIZZZZZZZYI,-0.025432366637432542
IIIIXZIZZZZZZZXI,-0.025432366637432542
IIIIYZXIIIIIXZYI,-0.009647009389140124
IIIIYZYIIIIIYZYI,-0.00848670927604206
IIIIYZYIIIIIXZXI,0.0011603001130980647
IIIIXZXIIIIIYZYI,0.0011603001130980647
IIIIXZXIIIIIXZXI,-0.00848670927604206
IIIIXZYIIIIIYZXI,-0.009647009389140124
IIIIZIIZIIIIIIII,0.11846738538877455
IIIIYZZIYIIIIIII,-0.002693183089196911
IIIIXZZIXIIIIIII,-0.002693183089196911
IIIIYZZIZZYIIIII,-0.008258303928937016
IIIIXZZIZZXIIIII,-0.008258303928937016
IIIIYZZIZZZZZZYI,-0.02179636310704193
IIIIXZZIZZZZZZXI,-0.02179636310704193
IIIIYZYYZYIIIIII,0.0026931831582007303
IIIIYZYXZXIIIIII,0.0026931831582007303
IIIIXZXYZYIIIIII,0.0026931831582007303
IIIIXZXXZXIIIIII,0.0026931831582007303
IIIIYZZXIXZZYIII,0.002571408802325929
IIIIYZZYIYZZYIII,0.002571408802325929
IIIIXZZXIXZZXIII,0.002571408802325929
IIIIXZZYIYZZXIII,0.002571408802325929
IIIIYZYYZZZYIIII,0.008258304674276351
IIIIYZYXZZZXIIII,0.008258304674276351
IIIIXZXYZZZYIIII,0.008258304674276351
IIIIXZXXZZZXIIII,0.008258304674276351
IIIIYZZXIIIXYIII,0.007136181393732901
IIIIYZZYIIIYYIII,0.007136181393732901
IIIIXZZXIIIXXIII,0.007136181393732901
IIIIXZZYIIIYXIII,0.007136181393732901
IIIIZIIYZZZZZYII,-0.021796362992239134
IIIIZIIXZZZZZXII,-0.021796362992239134
IIIIYZZXXZZZZYII,-0.0025714088358333447
IIIIYZZYXZZZZXII,0.0025714088358333447
IIIIXZZXYZZZZYII,0.0025714088358333447
IIIIXZZYYZZZZXII,-0.0025714088358333447
IIIIYZZXIIXZZYII,-0.007136181644378766
IIIIYZZYIIXZZXII,0.007136181644378766
IIIIXZZXIIYZZYII,0.007136181644378766
IIIIXZZYIIYZZXII,-0.007136181644378766
IIIIYZZXIIIIIXYI,-0.017669220634241336
IIIIYZZYIIIIIYYI,-0.017669220634241336
IIIIXZZXIIIIIXXI,-0.017669220634241336
IIIIXZZYIIIIIYXI,-0.017669220634241336
IIIIYZYYZZZZZZZY,-0.0036360035303906156
IIIIYZYXZZZZZZZX,-0.0036360035303906156
IIIIXZXYZZZZZZZY,-0.0036360035303906156
IIIIXZXXZZZZZZZX,-0.0036360035303906156
IIIIYZZXIIIIXZZY,0.00802221124510121
IIIIYZZYIIIIXZZX,-0.00802221124510121
IIIIXZZXIIIIYZZY,-0.00802221124510121
IIIIXZZYIIIIYZZX,0.00802221124510121
IIIIZIIIZIIIIIII,0.12431179521349685
IIIIZIIIYZYIIIII,0.010981677787928789
IIIIZIIIXZXIIIII,0.010981677787928789
IIIIZIIIYZZZZZYI,-0.0022116109324185587
IIIIZIIIXZZZZZXI,-0.0022116109324185587
IIIIYZYIYZZZYIII,-0.0022116111388705557
IIIIYZYIXZZZXIII,-0.002211611113739993
IIIIXZXIYZZZYIII,-0.002211611113739993
IIIIXZXIXZZZXIII,-0.0022116111388705557
IIIIYZZZIZZZYIII,-4.173885211658625e-08
IIIIXZZZIZZZXIII,-4.173885211658625e-08
IIIIYZZZIZZZZZYI,-0.033832265370840664
IIIIXZZZIZZZZZXI,-0.033832265370840664
IIIIYZZZXIXZZZYI,0.0038039457022282313
IIIIYZZZYIYZZZYI,0.003874343570145405
IIIIYZZZYIXZZZXI,7.039786791717241e-05
IIIIXZZZXIYZZZYI,7.039786791717241e-05
IIIIXZZZXIXZZZXI,0.003874343570145405
IIIIXZZZYIYZZZXI,0.0038039457022282313
IIIIZIIIIZIIIIII,0.13173291414027333
IIIIYZZZZIZZYIII,-4.173885211658625e-08
IIIIXZZZZIZZXIII,-4.173885211658625e-08
IIIIYZZZZIZZZZYI,-0.0382156862284955
IIIIXZZZZIZZZZXI,-0.0382156862284955
IIIIZIIIIYZYIIII,0.007476955816249166
IIIIZIIIIXZXIIII,0.007476955816249166
IIIIYZZZZXIXZZYI,0.008414407667911662
IIIIYZZZZYIYZZYI,0.008414407667911662
IIIIXZZZZXIXZZXI,0.008414407667911662
IIIIXZZZZYIYZZXI,0.008414407667911662
IIIIYZYIIYZZZYII,-0.0047830199453849104
IIIIYZYIIXZZZXII,-0.0047830199453849104
IIIIXZXIIYZZZYII,-0.0047830199453849104
IIIIXZXIIXZZZXII,-0.0047830199453849104
IIIIYZZZZXIIXYII,0.004466726436098747
IIIIYZZZZYIIXXII,-0.004466726436098747
IIIIXZZZZXIIYYII,-0.004466726436098747
IIIIXZZZZYIIYXII,0.004466726436098747
IIIIZIIIIYZZZZZY,-0.004783019661644082
IIIIZIIIIXZZZZZX,-0.004783019661644082
IIIIYZZZYYZZZZZY,0.004383420857654835
IIIIYZZZYXZZZZZX,0.004383420857654835
IIIIXZZZXYZZZZZY,0.004383420857654835
IIIIXZZZXXZZZZZX,0.004383420857654835
IIIIYZZZZXXZZZZY,-0.00461046196568343
IIIIYZZZZYXZZZZX,0.00461046196568343
IIIIXZZZZXYZZZZY,0.00461046196568343
IIIIXZZZZYYZZZZX,-0.00461046196568343
IIIIYZZZZXIIIIXY,-0.004466726744171901
IIIIYZZZZYIIIIXX,0.004466726744171901
IIIIXZZZZXIIIIYY,0.004466726744171901
IIIIXZZZZYIIIIYX,-0.004466726744171901
IIIIZIIIIIZIIIII,0.10799747923882975
IIIIZIIIIIYZZZYI,-0.004798900819236795
IIIIZIIIIIXZZZXI,-0.004798900819236795
IIIIYZYIIIYZYIII,-0.004798900716273659
IIIIYZYIIIXZXIII,-0.004798900528289257
IIIIXZXIIIYZYIII,-0.004798900528289257
IIIIXZXIIIXZXIII,-0.004798900716273659
IIIIYZZZZZIZZZYI,-0.02164511761391872
IIIIXZZZZZIZZZXI,-0.02164511761391872
IIIIZIIIIIIZIIII,0.12238782867069514
IIIIYZZZZZZIZZYI,-0.010868763552448792
IIIIXZZZZZZIZZXI,-0.010868763552448792
IIIIYZYIIIIYZYII,-0.01193508214133729
IIIIYZYIIIIXZXII,-0.01193508214133729
IIIIXZXIIIIYZYII,-0.01193508214133729
IIIIXZXIIIIXZXII,-0.01193508214133729
IIIIYZZZZZZXXYII,0.011542692806246391
IIIIYZZZZZZYXXII,-0.011542692806246391
IIIIXZZZZZZXYYII,-0.011542692806246391
IIIIXZZZZZZYYXII,0.011542692806246391
IIIIZIIIIIIYZZZY,-0.011935081386311209
IIIIZIIIIIIXZZZX,-0.011935081386311209
IIIIYZZZYIIYZZZY,-0.004540064097766257
IIIIYZZZYIIXZZZX,-0.004540064097766257
IIIIXZZZXIIYZZZY,-0.004540064097766257
IIIIXZZZXIIXZZZX,-0.004540064097766257
IIIIYZZZZZYYZZZY,-0.010776354061469927
IIIIYZZZZZYXZZZX,-0.010776354061469927
IIIIXZZZZZXYZZZY,-0.010776354061469927
IIIIXZZZZZXXZZZX,-0.010776354061469927
IIIIYZZZZZZXIIXY,-0.01154269320809329
IIIIYZZZZZZYIIXX,0.01154269320809329
IIIIXZZZZZZXIIYY,0.01154269320809329
IIIIXZZZZZZYIIYX,-0.01154269320809329
IIIIZIIIIIIIZIII,0.11131053970344935
IIIIYZZZYIIIZIII,0.0010366227900291455
IIIIXZZZXIIIZIII,0.0010366227900291455
IIIIYZZZZZYIZIII,0.0022344109089661697
IIIIXZZZZZXIZIII,0.0022344109089661697
IIIIYZZZZZZZIZYI,-0.027503441977470226
IIIIXZZZZZZZIZXI,-0.027503441977470226
IIIIZIIIIIIIIZII,0.11986263342442183
IIIIYZZZYIIIIZII,-0.0034301036460696018
IIIIXZZZXIIIIZII,-0.0034301036460696018
IIIIYZZZZZYIIZII,-0.00930828189728022
IIIIXZZZZZXIIZII,-0.00930828189728022
IIIIYZZZZZZZZIYI,-0.02440873997515322
IIIIXZZZZZZZZIXI,-0.02440873997515322
IIIIYZYIIIIIIYZY,0.009182511358199275
IIIIYZYIIIIIIXZX,0.009182511358199275
IIIIXZXIIIIIIYZY,0.009182511358199275
IIIIXZXIIIIIIXZX,0.009182511358199275
IIIIYZZZZZZZYYZY,-0.0030947020023170046
IIIIYZZZZZZZYXZX,-0.0030947020023170046
IIIIXZZZZZZZXYZY,-0.0030947020023170046
IIIIXZZZZZZZXXZX,-0.0030947020023170046
IIIIZIIIIIIIIIZI,0.10398413096787648
IIIIYZZZYIIIIIZI,-0.0010366227518429666
IIIIXZZZXIIIIIZI,-0.0010366227518429666
IIIIYZZZZZYIIIZI,-0.0022344095262176065
IIIIXZZZZZXIIIZI,-0.0022344095262176065
IIIIZIIIIIIIIIIZ,0.13822765731491818
IIIIYZZZYIIIIIIZ,0.003430103992328934
IIIIXZZZXIIIIIIZ,0.003430103992328934
IIIIYZZZZZYIIIIZ,0.009308283681875683
IIIIXZZZZZXIIIIZ,0.009308283681875683
IIIIYZZZZZZZZZYZ,-0.018219334315080323
IIIIXZZZZZZZZZXZ,-0.018219334315080323
IIIIIZZIIIIIIIII,0.11846738538877455
IIIIIYIZZYIIIIII,-0.002693183089196911
IIIIIXIZZXIIIIII,-0.002693183089196911
IIIIIYIZZZZYIIII,-0.008258303928937016
IIIIIXIZZZZXIIII,-0.008258303928937016
IIIIIYIZZZZZZZZY,-0.02179636310704193
IIIIIXIZZZZZZZZX,-0.02179636310704193
IIIIIYXXYIIIIIII,0.0026931831582007303
IIIIIYYXXIIIIIII,-0.0026931831582007303
IIIIIXXYYIIIIIII,-0.0026931831582007303
IIIIIXYYXIIIIIII,0.0026931831582007303
IIIIIYXIXZZZZYII,0.002571408802325929
IIIIIYYIYZZZZYII,0.002571408802325929
IIIIIXXIXZZZZXII,0.002571408802325929
IIIIIXYIYZZZZXII,0.002571408802325929
IIIIIYXXZZYIIIII,0.008258304674276351
IIIIIYYXZZXIIIII,-0.008258304674276351
IIIIIXXYZZYIIIII,-0.008258304674276351
IIIIIXYYZZXIIIII,0.008258304674276351
IIIIIYXIIIXZZYII,0.007136181393732901
IIIIIYYIIIYZZYII,0.007136181393732901
IIIIIXXIIIXZZXII,0.007136181393732901
IIIIIXYIIIYZZXII,0.007136181393732901
IIIIIZYZZZZZYIII,-0.021796362992239134
IIIIIZXZZZZZXIII,-0.021796362992239134
IIIIIYXIIXZZYIII,-0.0025714088358333447
IIIIIYYIIXZZXIII,0.0025714088358333447
IIIIIXXIIYZZYIII,0.0025714088358333447
IIIIIXYIIYZZXIII,-0.0025714088358333447
IIIIIYXIIIIXYIII,-0.007136181644378766
IIIIIYYIIIIXXIII,0.007136181644378766
IIIIIXXIIIIYYIII,0.007136181644378766
IIIIIXYIIIIYXIII,-0.007136181644378766
IIIIIYXIIIIIXZZY,-0.017669220634241336
IIIIIYYIIIIIYZZY,-0.017669220634241336
IIIIIXXIIIIIXZZX,-0.017669220634241336
IIIIIXYIIIIIYZZX,-0.017669220634241336
IIIIIYXXZZZZZZYI,-0.0036360035303906156
IIIIIYYXZZZZZZXI,0.0036360035303906156
IIIIIXXYZZZZZZYI,0.0036360035303906156
IIIIIXYYZZZZZZXI,-0.0036360035303906156
IIIIIYXIIIIIIXYI,0.00802221124510121
IIIIIYYIIIIIIXXI,-0.00802221124510121
IIIIIXXIIIIIIYYI,-0.00802221124510121
IIIIIXYIIIIIIYXI,0.00802221124510121
IIIIIZIZIIIIIIII,0.10753383944983398
IIIIIZIYZZZZZYII,-0.025432366699613705
IIIIIZIXZZZZZXII,-0.025432366699613705
IIIIIYZIZZZZZZZY,-0.025432366637432542
IIIIIXZIZZZZZZZX,-0.025432366637432542
IIIIIYZXIIIIIXZY,-0.009647009389140124
IIIIIYZYIIIIIYZY,-0.00848670927604206
IIIIIYZYIIIIIXZX,0.0011603001130980647
IIIIIXZXIIIIIYZY,0.0011603001130980647
IIIIIXZXIIIIIXZX,-0.00848670927604206
IIIIIXZYIIIIIYZX,-0.009647009389140124
IIIIIZIIZIIIIIII,0.13173291414027333
IIIIIYZZIZZZZYII,-4.173885211658625e-08
IIIIIXZZIZZZZXII,-4.173885211658625e-08
IIIIIYZZIZZZZZZY,-0.0382156862284955
IIIIIXZZIZZZZZZX,-0.0382156862284955
IIIIIZIIYZYIIIII,0.007476955816249166
IIIIIZIIXZXIIIII,0.007476955816249166
IIIIIYZZXIXZZZZY,0.008414407667911662
IIIIIYZZYIYZZZZY,0.008414407667911662
IIIIIXZZXIXZZZZX,0.008414407667911662
IIIIIXZZYIYZZZZX,0.008414407667911662
IIIIIYZYYZZZYIII,-0.0047830199453849104
IIIIIYZYXZZZXIII,-0.0047830199453849104
IIIIIXZXYZZZYIII,-0.0047830199453849104
IIIIIXZXXZZZXIII,-0.0047830199453849104
IIIIIYZZXIIIXYII,-0.004466726436098747
IIIIIYZZYIIIYYII,-0.004466726436098747
IIIIIXZZXIIIXXII,-0.004466726436098747
IIIIIXZZYIIIYXII,-0.004466726436098747
IIIIIZIIYZZZZZYI,-0.004783019661644082
IIIIIZIIXZZZZZXI,-0.004783019661644082
IIIIIYZZXXZZZZYI,0.004383420857654835
IIIIIYZZYXZZZZXI,-0.004383420857654835
IIIIIXZZXYZZZZYI,-0.004383420857654835
IIIIIXZZYYZZZZXI,0.004383420857654835
IIIIIYZZXIIXZZYI,-0.00461046196568343
IIIIIYZZYIIXZZXI,0.00461046196568343
IIIIIXZZXIIYZZYI,0.00461046196568343
IIIIIXZZYIIYZZXI,-0.00461046196568343
IIIIIYZZXIIIIIXY,0.004466726744171901
IIIIIYZZYIIIIIYY,0.004466726744171901
IIIIIXZZXIIIIIXX,0.004466726744171901
IIIIIXZZYIIIIIYX,0.004466726744171901
IIIIIZIIIZIIIIII,0.12431179521349685
IIIIIZIIIYZYIIII,0.010981677787928789
IIIIIZIIIXZXIIII,0.010981677787928789
IIIIIZIIIYZZZZZY,-0.0022116109324185587
IIIIIZIIIXZZZZZX,-0.0022116109324185587
IIIIIYZYIYZZZYII,-0.0022116111388705557
IIIIIYZYIXZZZXII,-0.002211611113739993
IIIIIXZXIYZZZYII,-0.002211611113739993
IIIIIXZXIXZZZXII,-0.0022116111388705557
IIIIIYZZZIZZZYII,-4.173885211658625e-08
IIIIIXZZZIZZZXII,-4.173885211658625e-08
IIIIIYZZZIZZZZZY,-0.033832265370840664
IIIIIXZZZIZZZZZX,-0.033832265370840664
IIIIIYZZZXIXZZZY,0.0038039457022282313
IIIIIYZZZYIYZZZY,0.003874343570145405
IIIIIYZZZYIXZZZX,7.039786791717241e-05
IIIIIXZZZXIYZZZY,7.039786791717241e-05
IIIIIXZZZXIXZZZX,0.003874343570145405
IIIIIXZZZYIYZZZX,0.0038039457022282313
IIIIIZIIIIZIIIII,0.12238782867069514
IIIIIYZZZZIZZZZY,-0.010868763552448792
IIIIIXZZZZIZZZZX,-0.010868763552448792
IIIIIYZYIIYZYIII,-0.01193508214133729
IIIIIYZYIIXZXIII,-0.01193508214133729
IIIIIXZXIIYZYIII,-0.01193508214133729
IIIIIXZXIIXZXIII,-0.01193508214133729
IIIIIYZZZZXIXYII,-0.01154269280624639
IIIIIYZZZZYIYYII,-0.01154269280624639
IIIIIXZZZZXIXXII,-0.01154269280624639
IIIIIXZZZZYIYXII,-0.01154269280624639
IIIIIZIIIIYZZZYI,-0.011935081386311209
IIIIIZIIIIXZZZXI,-0.011935081386311209
IIIIIYZZZYYZZZYI,-0.004540064097766257
IIIIIYZZZYXZZZXI,-0.004540064097766257
IIIIIXZZZXYZZZYI,-0.004540064097766257
IIIIIXZZZXXZZZXI,-0.004540064097766257
IIIIIYZZZZXXZZYI,-0.010776354061469927
IIIIIYZZZZYXZZXI,0.010776354061469927
IIIIIXZZZZXYZZYI,0.010776354061469927
IIIIIXZZZZYYZZXI,-0.010776354061469927
IIIIIYZZZZXIIIXY,0.01154269320809329
IIIIIYZZZZYIIIYY,0.01154269320809329
IIIIIXZZZZXIIIXX,0.01154269320809329
IIIIIXZZZZYIIIYX,0.01154269320809329
IIIIIZIIIIIZIIII,0.10799747923882975
IIIIIZIIIIIYZZZY,-0.004798900819236795
IIIIIZIIIIIXZZZX,-0.004798900819236795
IIIIIYZYIIIYZYII,-0.004798900716273659
IIIIIYZYIIIXZXII,-0.004798900528289257
IIIIIXZXIIIYZYII,-0.004798900528289257
IIIIIXZXIIIXZXII,-0.004798900716273659
IIIIIYZZZZZIZZZY,-0.02164511761391872
IIIIIXZZZZZIZZZX,-0.02164511761391872
IIIIIZIIIIIIZIII,0.11986263342442183
IIIIIYZZZYIIZIII,-0.0034301036460696018
IIIIIXZZZXIIZIII,-0.0034301036460696018
IIIIIYZZZZZYZIII,-0.00930828189728022
IIIIIXZZZZZXZIII,-0.00930828189728022
IIIIIYZZZZZZIZZY,-0.02440873997515322
IIIIIXZZZZZZIZZX,-0.02440873997515322
IIIIIYZYIIIIYZYI,0.009182511358199275
IIIIIYZYIIIIXZXI,0.009182511358199275
IIIIIXZXIIIIYZYI,0.009182511358199275
IIIIIXZXIIIIXZXI,0.009182511358199275
IIIIIYZZZZZZXXYI,-0.0030947020023170046
IIIIIYZZZZZZYXXI,0.0030947020023170046
IIIIIXZZZZZZXYYI,0.0030947020023170046
IIIIIXZZZZZZYYXI,-0.0030947020023170046
IIIIIZIIIIIIIZII,0.11131053970344935
IIIIIYZZZYIIIZII,0.0010366227900291455
IIIIIXZZZXIIIZII,0.0010366227900291455
IIIIIYZZZZZYIZII,0.0022344109089661697
IIIIIXZZZZZXIZII,0.0022344109089661697
IIIIIYZZZZZZZIZY,-0.027503441977470226
IIIIIXZZZZZZZIZX,-0.027503441977470226
IIIIIZIIIIIIIIZI,0.13822765731491818
IIIIIYZZZYIIIIZI,0.003430103992328934
IIIIIXZZZXIIIIZI,0.003430103992328934
IIIIIYZZZZZYIIZI,0.009308283681875683
IIIIIXZZZZZXIIZI,0.009308283681875683
IIIIIYZZZZZZZZIY,-0.018219334315080323
IIIIIXZZZZZZZZIX,-0.018219334315080323
IIIIIZIIIIIIIIIZ,0.10398413096787648
IIIIIYZZZYIIIIIZ,-0.0010366227518429666
IIIIIXZZZXIIIIIZ,-0.0010366227518429666
IIIIIYZZZZZYIIIZ,-0.0022344095262176065
IIIIIXZZZZZXIIIZ,-0.0022344095262176065
IIIIIIZZIIIIIIII,0.14033447701124058
IIIIIIYIZZZZYIII,-0.014524355580036827
IIIIIIXIZZZZXIII,-0.014524355580036827
IIIIIIYXXYIIIIII,0.007421118945200443
IIIIIIYYXXIIIIII,-0.007421118945200443
IIIIIIXXYYIIIIII,-0.007421118945200443
IIIIIIXYYXIIIIII,0.007421118945200443
IIIIIIYXIXYIIIII,-0.0035047221633229754
IIIIIIYYIYYIIIII,-0.0035047221633229754
IIIIIIXXIXXIIIII,-0.0035047221633229754
IIIIIIXYIYXIIIII,-0.0035047221633229754
IIIIIIYXIXZZZZYI,0.002571408688625361
IIIIIIYYIYZZZZYI,0.002571408688625361
IIIIIIXXIXZZZZXI,0.002571408688625361
IIIIIIXYIYZZZZXI,0.002571408688625361
IIIIIIYXXZZYIIII,0.0035047221633229754
IIIIIIYYXZZXIIII,-0.0035047221633229754
IIIIIIXXYZZYIIII,-0.0035047221633229754
IIIIIIXYYZZXIIII,0.0035047221633229754
IIIIIIYXIIXYIIII,0.014390350221888325
IIIIIIYYIIXXIIII,-0.014390350221888325
IIIIIIXXIIYYIIII,-0.014390350221888325
IIIIIIXYIIYXIIII,0.014390350221888325
IIIIIIYXIIIXZZYI,0.007136181036579601
IIIIIIYYIIIYZZYI,0.007136181036579601
IIIIIIXXIIIXZZXI,0.007136181036579601
IIIIIIXYIIIYZZXI,0.007136181036579601
IIIIIIZYZZZZZYII,-0.014524355580036827
IIIIIIZXZZZZZXII,-0.014524355580036827
IIIIIIYXIIIIXYII,0.0342435259695976
IIIIIIYYIIIIXXII,-0.0342435259695976
IIIIIIXXIIIIYYII,-0.0342435259695976
IIIIIIXYIIIIYXII,0.0342435259695976
IIIIIIYXXZZZZZZY,-0.002571408688625361
IIIIIIYYXZZZZZZX,0.002571408688625361
IIIIIIXXYZZZZZZY,0.002571408688625361
IIIIIIXYYZZZZZZX,-0.002571408688625361
IIIIIIYXIIXZZZZY,-0.007136181036579601
IIIIIIYYIIXZZZZX,0.007136181036579601
IIIIIIXXIIYZZZZY,0.007136181036579601
IIIIIIXYIIYZZZZX,-0.007136181036579601
IIIIIIYXIIIIIIXY,0.008552093394033013
IIIIIIYYIIIIIIXX,-0.008552093394033013
IIIIIIXXIIIIIIYY,-0.008552093394033013
IIIIIIXYIIIIIIYX,0.008552093394033013
IIIIIIZIZIIIIIII,0.12431179508623909
IIIIIIZIYZYIIIII,0.010981677660370668
IIIIIIZIXZXIIIII,0.010981677660370668
IIIIIIZIYZZZZZYI,0.002211611327468439
IIIIIIZIXZZZZZXI,0.002211611327468439
IIIIIIYZIZZZYIII,-0.0338322654624447
IIIIIIXZIZZZXIII,-0.0338322654624447
IIIIIIYZIZZZZZYI,4.1738852103952165e-08
IIIIIIXZIZZZZZXI,4.1738852103952165e-08
IIIIIIYZXIXZYIII,0.003803945688385907
IIIIIIYZYIYZYIII,0.003874343592675274
IIIIIIYZYIXZXIII,7.03979042893676e-05
IIIIIIXZXIYZYIII,7.03979042893676e-05
IIIIIIXZXIXZXIII,0.003874343592675274
IIIIIIXZYIYZXIII,0.003803945688385907
IIIIIIZIIZIIIIII,0.13173291403143955
IIIIIIYZZIZZYIII,-0.03821568627737324
IIIIIIXZZIZZXIII,-0.03821568627737324
IIIIIIYZZIZZZZYI,4.1738852103952165e-08
IIIIIIXZZIZZZZXI,4.1738852103952165e-08
IIIIIIZIIYZYIIII,0.007476955497047691
IIIIIIZIIXZXIIII,0.007476955497047691
IIIIIIYZZXIXYIII,0.008414407945679728
IIIIIIYZZYIYYIII,0.008414407945679728
IIIIIIXZZXIXXIII,0.008414407945679728
IIIIIIXZZYIYXIII,0.008414407945679728
IIIIIIYZYYZZZYII,0.004383420814928539
IIIIIIYZYXZZZXII,0.004383420814928539
IIIIIIXZXYZZZYII,0.004383420814928539
IIIIIIXZXXZZZXII,0.004383420814928539
IIIIIIYZZXXZZYII,-0.004610462257293819
IIIIIIYZZYXZZXII,0.004610462257293819
IIIIIIXZZXYZZYII,0.004610462257293819
IIIIIIXZZYYZZXII,-0.004610462257293819
IIIIIIYZZXIIIXYI,-0.004466726372569335
IIIIIIYZZYIIIYYI,-0.004466726372569335
IIIIIIXZZXIIIXXI,-0.004466726372569335
IIIIIIXZZYIIIYXI,-0.004466726372569335
IIIIIIZIIYZZZZZY,0.004783020016093801
IIIIIIZIIXZZZZZX,0.004783020016093801
IIIIIIYZZXIIXZZY,0.004466726277744196
IIIIIIYZZYIIXZZX,-0.004466726277744196
IIIIIIXZZXIIYZZY,-0.004466726277744196
IIIIIIXZZYIIYZZX,0.004466726277744196
IIIIIIZIIIZIIIII,0.1079974796211264
IIIIIIZIIIYZZZYI,0.0047989006791753115
IIIIIIZIIIXZZZXI,0.0047989006791753115
IIIIIIYZZZIZYIII,-0.02164511762434132
IIIIIIXZZZIZXIII,-0.02164511762434132
IIIIIIZIIIIZIIII,0.12238782984301472
IIIIIIYZZZZIYIII,-0.010868762428637688
IIIIIIXZZZZIXIII,-0.010868762428637688
IIIIIIYZYIIYZYII,-0.004540064353004453
IIIIIIYZYIIXZXII,-0.004540064353004453
IIIIIIXZXIIYZYII,-0.004540064353004453
IIIIIIXZXIIXZXII,-0.004540064353004453
IIIIIIYZZZYYZYII,-0.01077635519570363
IIIIIIYZZZYXZXII,-0.01077635519570363
IIIIIIXZZZXYZYII,-0.01077635519570363
IIIIIIXZZZXXZXII,-0.01077635519570363
IIIIIIYZZZZXIXYI,-0.01154269259549751
IIIIIIYZZZZYIYYI,-0.01154269259549751
IIIIIIXZZZZXIXXI,-0.01154269259549751
IIIIIIXZZZZYIYXI,-0.01154269259549751
IIIIIIZIIIIYZZZY,0.011935081715754912
IIIIIIZIIIIXZZZX,0.011935081715754912
IIIIIIYZZZZXXZZY,0.011542692422755154
IIIIIIYZZZZYXZZX,-0.011542692422755154
IIIIIIXZZZZXYZZY,-0.011542692422755154
IIIIIIXZZZZYYZZX,0.011542692422755154
IIIIIIZIIIIIZIII,0.10398413062595054
IIIIIIYZYIIIYZYI,-0.0010366227198070589
IIIIIIYZYIIIXZXI,-0.0010366226486882022
IIIIIIXZXIIIYZYI,-0.0010366226486882022
IIIIIIXZXIIIXZXI,-0.0010366227198070589
IIIIIIYZZZYIYZYI,-0.0022344101437168783
IIIIIIYZZZYIXZXI,-0.0022344100141601037
IIIIIIXZZZXIYZYI,-0.0022344100141601037
IIIIIIXZZZXIXZXI,-0.0022344101437168783
IIIIIIZIIIIIIZII,0.13822765659554814
IIIIIIYZZZZZYZII,-0.018219335248050174
IIIIIIXZZZZZXZII,-0.018219335248050174
IIIIIIYZYIIIIYZY,0.003430103640909135
IIIIIIYZYIIIIXZX,0.003430103640909135
IIIIIIXZXIIIIYZY,0.003430103640909135
IIIIIIXZXIIIIXZX,0.003430103640909135
IIIIIIYZZZYIIYZY,0.009308282430187841
IIIIIIYZZZYIIXZX,0.009308282430187841
IIIIIIXZZZXIIYZY,0.009308282430187841
IIIIIIXZZZXIIXZX,0.009308282430187841
IIIIIIYZZZZZZXXY,-0.0030947017744133347
IIIIIIYZZZZZZYXX,0.0030947017744133347
IIIIIIXZZZZZZXYY,0.0030947017744133347
IIIIIIXZZZZZZYYX,-0.0030947017744133347
IIIIIIZIIIIIIIZI,0.11131053932173526
IIIIIIYZZZZZYIZI,-0.027503442180953765
IIIIIIXZZZZZXIZI,-0.027503442180953765
IIIIIIZIIIIIIIIZ,0.11986263271576827
IIIIIIYZZZZZYIIZ,-0.02440874040654043
IIIIIIXZZZZZXIIZ,-0.02440874040654043
IIIIIIIZZIIIIIII,0.13173291403143955
IIIIIIIYIZZZZYII,-0.03821568627737324
IIIIIIIXIZZZZXII,-0.03821568627737324
IIIIIIIYIZZZZZZY,4.1738852103952165e-08
IIIIIIIXIZZZZZZX,4.1738852103952165e-08
IIIIIIIZYZYIIIII,0.007476955497047691
IIIIIIIZXZXIIIII,0.007476955497047691
IIIIIIIYXIXZZYII,0.008414407945679728
IIIIIIIYYIYZZYII,0.008414407945679728
IIIIIIIXXIXZZXII,0.008414407945679728
IIIIIIIXYIYZZXII,0.008414407945679728
IIIIIIIYXXZZYIII,0.004383420814928539
IIIIIIIYYXZZXIII,-0.004383420814928539
IIIIIIIXXYZZYIII,-0.004383420814928539
IIIIIIIXYYZZXIII,0.004383420814928539
IIIIIIIYXIIXYIII,-0.004610462257293819
IIIIIIIYYIIXXIII,0.004610462257293819
IIIIIIIXXIIYYIII,0.004610462257293819
IIIIIIIXYIIYXIII,-0.004610462257293819
IIIIIIIYXIIIXZZY,-0.004466726372569335
IIIIIIIYYIIIYZZY,-0.004466726372569335
IIIIIIIXXIIIXZZX,-0.004466726372569335
IIIIIIIXYIIIYZZX,-0.004466726372569335
IIIIIIIZYZZZZZYI,0.004783020016093801
IIIIIIIZXZZZZZXI,0.004783020016093801
IIIIIIIYXIIIIXYI,0.004466726277744196
IIIIIIIYYIIIIXXI,-0.004466726277744196
IIIIIIIXXIIIIYYI,-0.004466726277744196
IIIIIIIXYIIIIYXI,0.004466726277744196
IIIIIIIZIZIIIIII,0.12431179508623909
IIIIIIIZIYZYIIII,0.010981677660370668
IIIIIIIZIXZXIIII,0.010981677660370668
IIIIIIIZIYZZZZZY,0.002211611327468439
IIIIIIIZIXZZZZZX,0.002211611327468439
IIIIIIIYZIZZZYII,-0.0338322654624447
IIIIIIIXZIZZZXII,-0.0338322654624447
IIIIIIIYZIZZZZZY,4.1738852103952165e-08
IIIIIIIXZIZZZZZX,4.1738852103952165e-08
IIIIIIIYZXIXZYII,0.003803945688385907
IIIIIIIYZYIYZYII,0.003874343592675274
IIIIIIIYZYIXZXII,7.03979042893676e-05
IIIIIIIXZXIYZYII,7.03979042893676e-05
IIIIIIIXZXIXZXII,0.003874343592675274
IIIIIIIXZYIYZXII,0.003803945688385907
IIIIIIIZIIZIIIII,0.12238782984301472
IIIIIIIYZZIZZYII,-0.010868762428637688
IIIIIIIXZZIZZXII,-0.010868762428637688
IIIIIIIYZYYZYIII,-0.004540064353004453
IIIIIIIYZYXZXIII,-0.004540064353004453
IIIIIIIXZXYZYIII,-0.004540064353004453
IIIIIIIXZXXZXIII,-0.004540064353004453
IIIIIIIYZZXXYIII,-0.01077635519570363
IIIIIIIYZZYXXIII,0.01077635519570363
IIIIIIIXZZXYYIII,0.01077635519570363
IIIIIIIXZZYYXIII,-0.01077635519570363
IIIIIIIYZZXIXZZY,-0.01154269259549751
IIIIIIIYZZYIYZZY,-0.01154269259549751
IIIIIIIXZZXIXZZX,-0.01154269259549751
IIIIIIIXZZYIYZZX,-0.01154269259549751
IIIIIIIZIIYZZZYI,0.011935081715754912
IIIIIIIZIIXZZZXI,0.011935081715754912
IIIIIIIYZZXIIXYI,0.011542692422755154
IIIIIIIYZZYIIXXI,-0.011542692422755154
IIIIIIIXZZXIIYYI,-0.011542692422755154
IIIIIIIXZZYIIYXI,0.011542692422755154
IIIIIIIZIIIZIIII,0.1079974796211264
IIIIIIIZIIIYZZZY,0.0047989006791753115
IIIIIIIZIIIXZZZX,0.0047989006791753115
IIIIIIIYZZZIZYII,-0.02164511762434132
IIIIIIIXZZZIZXII,-0.02164511762434132
IIIIIIIZIIIIZIII,0.13822765659554814
IIIIIIIYZZZZIYII,-0.018219335248050174
IIIIIIIXZZZZIXII,-0.018219335248050174
IIIIIIIYZYIIYZYI,0.003430103640909135
IIIIIIIYZYIIXZXI,0.003430103640909135
IIIIIIIXZXIIYZYI,0.003430103640909135
IIIIIIIXZXIIXZXI,0.003430103640909135
IIIIIIIYZZZYYZYI,0.009308282430187841
IIIIIIIYZZZYXZXI,0.009308282430187841
IIIIIIIXZZZXYZYI,0.009308282430187841
IIIIIIIXZZZXXZXI,0.009308282430187841
IIIIIIIYZZZZXIXY,0.0030947017744133343
IIIIIIIYZZZZYIYY,0.0030947017744133343
IIIIIIIXZZZZXIXX,0.0030947017744133343
IIIIIIIXZZZZYIYX,0.0030947017744133343
IIIIIIIZIIIIIZII,0.10398413062595054
IIIIIIIYZYIIIYZY,-0.0010366227198070589
IIIIIIIYZYIIIXZX,-0.0010366226486882022
IIIIIIIXZXIIIYZY,-0.0010366226486882022
IIIIIIIXZXIIIXZX,-0.0010366227198070589
IIIIIIIYZZZYIYZY,-0.0022344101437168783
IIIIIIIYZZZYIXZX,-0.0022344100141601037
IIIIIIIXZZZXIYZY,-0.0022344100141601037
IIIIIIIXZZZXIXZX,-0.0022344101437168783
IIIIIIIZIIIIIIZI,0.11986263271576827
IIIIIIIYZZZZZYZI,-0.02440874040654043
IIIIIIIXZZZZZXZI,-0.02440874040654043
IIIIIIIZIIIIIIIZ,0.11131053932173526
IIIIIIIYZZZZZYIZ,-0.027503442180953765
IIIIIIIXZZZZZXIZ,-0.027503442180953765
IIIIIIIIZZIIIIII,0.1869165485636949
IIIIIIIIYIYIIIII,0.014761074335883285
IIIIIIIIXIXIIIII,0.014761074335883285
IIIIIIIIZYZYIIII,0.014761074335883285
IIIIIIIIZXZXIIII,0.014761074335883285
IIIIIIIIYXXYIIII,0.009487997125589875
IIIIIIIIYYXXIIII,-0.009487997125589875
IIIIIIIIXXYYIIII,-0.009487997125589875
IIIIIIIIXYYXIIII,0.009487997125589875
IIIIIIIIYXIIXYII,0.010563722065123444
IIIIIIIIYYIIXXII,-0.010563722065123444
IIIIIIIIXXIIYYII,-0.010563722065123444
IIIIIIIIXYIIYXII,0.010563722065123444
IIIIIIIIYXIIIIXY,0.01056372201324144
IIIIIIIIYYIIIIXX,-0.01056372201324144
IIIIIIIIXXIIIIYY,-0.01056372201324144
IIIIIIIIXYIIIIYX,0.01056372201324144
IIIIIIIIZIZIIIII,0.11063161268553671
IIIIIIIIZIIZIIII,0.1201196098111266
IIIIIIIIYZYZIIII,0.01213192986238327
IIIIIIIIXZXZIIII,0.01213192986238327
IIIIIIIIYZZXXYII,0.00890936456364545
IIIIIIIIYZZYXXII,-0.00890936456364545
IIIIIIIIXZZXYYII,-0.00890936456364545
IIIIIIIIXZZYYXII,0.00890936456364545
IIIIIIIIYZZXIIXY,0.008909364333225237
IIIIIIIIYZZYIIXX,-0.008909364333225237
IIIIIIIIXZZXIIYY,-0.008909364333225237
IIIIIIIIXZZYIIYX,0.008909364333225237
IIIIIIIIZIIIZIII,0.12729184861774956
IIIIIIIIYZYIZIII,0.016127446501602763
IIIIIIIIXZXIZIII,0.016127446501602763
IIIIIIIIZIIIIZII,0.13785557068287302
IIIIIIIIYZYIIZII,0.007218081937957314
IIIIIIIIXZXIIZII,0.007218081937957314
IIIIIIIIYZZZZIYI,0.003262291394859001
IIIIIIIIXZZZZIXI,0.003262291394859001
IIIIIIIIYZZZYYZY,-0.003262291062762377
IIIIIIIIYZZZYXZX,-0.003262291062762377
IIIIIIIIXZZZXYZY,-0.003262291062762377
IIIIIIIIXZZZXXZX,-0.003262291062762377
IIIIIIIIZIIIIIZI,0.1272918486447592
IIIIIIIIYZYIIIZI,0.0161274464874618
IIIIIIIIXZXIIIZI,0.0161274464874618
IIIIIIIIZIIIIIIZ,0.13785557065800064
IIIIIIIIYZYIIIIZ,0.007218082154236563
IIIIIIIIXZXIIIIZ,0.007218082154236563
IIIIIIIIYZZZZZYZ,-0.003262291612125139
IIIIIIIIXZZZZZXZ,-0.003262291612125139
IIIIIIIIIZZIIIII,0.1201196098111266
IIIIIIIIIYIYIIII,0.012131929862383272
IIIIIIIIIXIXIIII,0.012131929862383272
IIIIIIIIIYXIXYII,-0.00890936456364545
IIIIIIIIIYYIYYII,-0.00890936456364545
IIIIIIIIIXXIXXII,-0.00890936456364545
IIIIIIIIIXYIYXII,-0.00890936456364545
IIIIIIIIIYXIIIXY,-0.008909364333225237
IIIIIIIIIYYIIIYY,-0.008909364333225237
IIIIIIIIIXXIIIXX,-0.008909364333225237
IIIIIIIIIXYIIIYX,-0.008909364333225237
IIIIIIIIIZIZIIII,0.11063161268553671
IIIIIIIIIZIIZIII,0.13785557068287302
IIIIIIIIIYZYZIII,0.007218081937957314
IIIIIIIIIXZXZIII,0.007218081937957314
IIIIIIIIIYZZIZZY,0.003262291394859001
IIIIIIIIIXZZIZZX,0.003262291394859001
IIIIIIIIIYZZXXYI,-0.003262291062762377
IIIIIIIIIYZZYXXI,0.003262291062762377
IIIIIIIIIXZZXYYI,0.003262291062762377
IIIIIIIIIXZZYYXI,-0.003262291062762377
IIIIIIIIIZIIIZII,0.12729184861774956
IIIIIIIIIYZYIZII,0.016127446501602763
IIIIIIIIIXZXIZII,0.016127446501602763
IIIIIIIIIZIIIIZI,0.13785557065800064
IIIIIIIIIYZYIIZI,0.007218082154236563
IIIIIIIIIXZXIIZI,0.007218082154236563
IIIIIIIIIYZZZZIY,-0.0032622916121251393
IIIIIIIIIXZZZZIX,-0.0032622916121251393
IIIIIIIIIZIIIIIZ,0.1272918486447592
IIIIIIIIIYZYIIIZ,0.0161274464874618
IIIIIIIIIXZXIIIZ,0.0161274464874618
IIIIIIIIIIZZIIII,0.12935476730899992
IIIIIIIIIIYXXYII,0.02489217632686933
IIIIIIIIIIYYXXII,-0.02489217632686933
IIIIIIIIIIXXYYII,-0.02489217632686933
IIIIIIIIIIXYYXII,0.02489217632686933
IIIIIIIIIIYXIIXY,0.024892175234681905
IIIIIIIIIIYYIIXX,-0.024892175234681905
IIIIIIIIIIXXIIYY,-0.024892175234681905
IIIIIIIIIIXYIIYX,0.024892175234681905
IIIIIIIIIIZIZIII,0.09873883428216228
IIIIIIIIIIZIIZII,0.12363101060903159
IIIIIIIIIIYZZIYI,0.010220553201563462
IIIIIIIIIIXZZIXI,0.010220553201563462
IIIIIIIIIIYZYYZY,-0.010220552913209856
IIIIIIIIIIYZYXZX,-0.010220552913209856
IIIIIIIIIIXZXYZY,-0.010220552913209856
IIIIIIIIIIXZXXZX,-0.010220552913209856
IIIIIIIIIIZIIIZI,0.09873883433269412
IIIIIIIIIIZIIIIZ,0.12363100956737602
IIIIIIIIIIYZZZYZ,-0.010220554129874156
IIIIIIIIIIXZZZXZ,-0.010220554129874156
IIIIIIIIIIIZZIII,0.12363101060903159
IIIIIIIIIIIYIZZY,0.010220553201563462
IIIIIIIIIIIXIZZX,0.010220553201563462
IIIIIIIIIIIYXXYI,-0.010220552913209856
IIIIIIIIIIIYYXXI,0.010220552913209856
IIIIIIIIIIIXXYYI,0.010220552913209856
IIIIIIIIIIIXYYXI,-0.010220552913209856
IIIIIIIIIIIZIZII,0.09873883428216228
IIIIIIIIIIIZIIZI,0.12363100956737602
IIIIIIIIIIIYZZIY,-0.010220554129874156
IIIIIIIIIIIXZZIX,-0.010220554129874156
IIIIIIIIIIIZIIIZ,0.09873883433269412
IIIIIIIIIIIIZZII,0.14342537358832738
IIIIIIIIIIIIYXXY,0.010082122301836078
IIIIIIIIIIIIYYXX,-0.010082122301836078
IIIIIIIIIIIIXXYY,-0.010082122301836078
IIIIIIIIIIIIXYYX,0.010082122301836078
IIIIIIIIIIIIZIZI,0.11317900516061027
IIIIIIIIIIIIZIIZ,0.12326112746244636
IIIIIIIIIIIIIZZI,0.12326112746244636
IIIIIIIIIIIIIZIZ,0.11317900516061027
IIIIIIIIIIIIIIZZ,0.14342537468641678
